gene,trait
SNCA,Parkinson's disease
LRRK2,Parkinson's disease
KANSL1,Parkinson's disease
MAPT,Parkinson's disease
HLA-DQB1,Parkinson's disease
CRHR1,Parkinson's disease
TMEM175,Parkinson's disease
SETD1A,Parkinson's disease
MCCC1,Parkinson's disease
ITPKB,Parkinson's disease
DLG2,Parkinson's disease
FYN,Parkinson's disease
RIT2,Parkinson's disease
BST1,Parkinson's disease
GAK,Parkinson's disease
DGKQ,Parkinson's disease
SV2C,Parkinson's disease
SYT11,Parkinson's disease
ACMSD,Parkinson's disease
LAMP3,Parkinson's disease
STK39,Parkinson's disease
HLA-DRB5,Parkinson's disease
CCDC62,Parkinson's disease
HIP1R,Parkinson's disease
STBD1,Parkinson's disease
ITGA8,Parkinson's disease
NSF,Parkinson's disease
NUCKS1,Parkinson's disease
SFXN2,Parkinson's disease
CNNM2,Parkinson's disease
CYP17A1,Parkinson's disease
MMRN1,Parkinson's disease
BMP4,Parkinson's disease
HLA-DRA,Parkinson's disease
SEMA5A,Parkinson's disease
SLC45A3,Parkinson's disease
PM20D1,Parkinson's disease
SLC41A1,Parkinson's disease
PLEKHM1,Parkinson's disease
TAS1R2,Parkinson's disease
SCARB2,Parkinson's disease
SYT4,Parkinson's disease
SREBF1,Parkinson's disease
RAI1,Parkinson's disease
GBA,Parkinson's disease
USP25,Parkinson's disease
PRDM15,Parkinson's disease
CNKSR3,Parkinson's disease
SH3GL2,Parkinson's disease
SLC2A13,Parkinson's disease
WNT3,Parkinson's disease
STH,Parkinson's disease
UNC13B,Parkinson's disease
LRRC37A3,Parkinson's disease
DCUN1D1,Parkinson's disease
FAM126A,Parkinson's disease
KLHL7,Parkinson's disease
TIAL1,Parkinson's disease
BAG3,Parkinson's disease
FAM47E,Parkinson's disease
CD38,Parkinson's disease
ZNF184,Parkinson's disease
CTNND1,Parkinson's disease
OR9Q1,Parkinson's disease
PRICKLE1,Parkinson's disease
ADAMTS20,Parkinson's disease
SYT17,Parkinson's disease
CLEC19A,Parkinson's disease
NDUFAF2,Parkinson's disease
CA8,Parkinson's disease
HSD17B1,Parkinson's disease
GPRIN3,Parkinson's disease
PKP2,Parkinson's disease
SYT10,Parkinson's disease
HLA-DQA1,Parkinson's disease
CERS6,Parkinson's disease
GCH1,Parkinson's disease
PRDM2,Parkinson's disease
WNT9A,Parkinson's disease
PLEKHN1,Parkinson's disease
CYP1B1,Parkinson's disease
COL5A2,Parkinson's disease
FNDC3B,Parkinson's disease
IGSF11,Parkinson's disease
PAQR3,Parkinson's disease
FGF10,Parkinson's disease
MRPS30,Parkinson's disease
MANEA,Parkinson's disease
PDE10A,Parkinson's disease
ANXA1,Parkinson's disease
DMRT2,Parkinson's disease
SMARCA2,Parkinson's disease
BARX1,Parkinson's disease
PTPDC1,Parkinson's disease
MDGA2,Parkinson's disease
ZNF396,Parkinson's disease
INO80C,Parkinson's disease
ZFP64,Parkinson's disease
TSHZ2,Parkinson's disease
RERE,Parkinson's disease
RAB25,Parkinson's disease
SIPA1L2,Parkinson's disease
IL1R2,Parkinson's disease
NGEF,Parkinson's disease
TBC1D5,Parkinson's disease
PARP9,Parkinson's disease
MED12L,Parkinson's disease
SPTSSB,Parkinson's disease
SLC39A8,Parkinson's disease
ELOVL7,Parkinson's disease
ZNF608,Parkinson's disease
HLA-DRB1,Parkinson's disease
CTSB,Parkinson's disease
ZDHHC2,Parkinson's disease
CACNA1B,Parkinson's disease
IGSF9B,Parkinson's disease
BICD1,Parkinson's disease
GPR65,Parkinson's disease
TPM1,Parkinson's disease
STX1B,Parkinson's disease
MYLK2,Parkinson's disease
DYRK1A,Parkinson's disease
TRPM2,Parkinson's disease
C12orf40,Parkinson's disease
TMEM229B,Parkinson's disease
VPS13C,Parkinson's disease
BCKDK,Parkinson's disease
SPPL2B,Parkinson's disease
DDRGK1,Parkinson's disease
FGF20,Parkinson's disease
TMEM163,Parkinson's disease
GPNMB,Parkinson's disease
INPP5F,Parkinson's disease
CCDC82,Parkinson's disease
TMC3,Parkinson's disease
COL13A1,Parkinson's disease
MICU3,Parkinson's disease
LSM7,Parkinson's disease
CCNT2,Parkinson's disease
FAM200B,Parkinson's disease
OGFOD2,Parkinson's disease
ZNF646,Parkinson's disease
KAT8,Parkinson's disease
ARHGAP27,Parkinson's disease
SPPL2C,Parkinson's disease
SCN3A,Parkinson's disease
SATB1,Parkinson's disease
NCKIPSD,Parkinson's disease
ALAS1,Parkinson's disease
TLR9,Parkinson's disease
DNAH1,Parkinson's disease
BAP1,Parkinson's disease
PHF7,Parkinson's disease
NISCH,Parkinson's disease
STAB1,Parkinson's disease
ITIH3,Parkinson's disease
ITIH4,Parkinson's disease
ANK2,Parkinson's disease
CAMK2D,Parkinson's disease
SORBS3,Parkinson's disease
PDLIM2,Parkinson's disease
C8orf58,Parkinson's disease
BIN3,Parkinson's disease
FAM171A1,Parkinson's disease
GALC,Parkinson's disease
COQ7,Parkinson's disease
TOX3,Parkinson's disease
KCNJ11,Type 2 diabetes
QSER1,Type 2 diabetes
PDHX,Type 2 diabetes
HSD17B12,Type 2 diabetes
CRY2,Type 2 diabetes
CELF1,Type 2 diabetes
MAP3K11,Type 2 diabetes
CCND1,Type 2 diabetes
ARAP1,Type 2 diabetes
MTNR1B,Type 2 diabetes
ETS1,Type 2 diabetes
CCND2,Type 2 diabetes
PCDH17,Type 2 diabetes
SPRY2,Type 2 diabetes
IRS2,Type 2 diabetes
SLC7A7,Type 2 diabetes
AKAP6,Type 2 diabetes
CLEC14A,Type 2 diabetes
NRXN3,Type 2 diabetes
MARK3,Type 2 diabetes
RASGRP1,Type 2 diabetes
LTK,Type 2 diabetes
ONECUT1,Type 2 diabetes
WDR72,Type 2 diabetes
TCF12,Type 2 diabetes
C2CD4A,Type 2 diabetes
C2CD4B,Type 2 diabetes
USP3,Type 2 diabetes
MAP2K5,Type 2 diabetes
PTPN9,Type 2 diabetes
HMG20A,Type 2 diabetes
TBC1D4,Type 2 diabetes
ITGA1,Type 2 diabetes
LARGE1,Type 2 diabetes
TM6SF2,Type 2 diabetes
PEPD,Type 2 diabetes
TOMM40,Type 2 diabetes
APOE,Type 2 diabetes
GIPR,Type 2 diabetes
ZC3H4,Type 2 diabetes
RALY,Type 2 diabetes
HNF4A,Type 2 diabetes
EYA2,Type 2 diabetes
CEBPB,Type 2 diabetes
TSHZ2,Type 2 diabetes
GNAS,Type 2 diabetes
MTMR3,Type 2 diabetes
ASCC2,Type 2 diabetes
YWHAH,Type 2 diabetes
EP300,Type 2 diabetes
PNPLA3,Type 2 diabetes
PIM3,Type 2 diabetes
TTLL6,Type 2 diabetes
KIF2B,Type 2 diabetes
ACE,Type 2 diabetes
BPTF,Type 2 diabetes
LAMA1,Type 2 diabetes
COMMD9,Type 2 diabetes
TCF4,Type 2 diabetes
WDR7,Type 2 diabetes
GRP,Type 2 diabetes
MC4R,Type 2 diabetes
UHRF1,Type 2 diabetes
PTPRS,Type 2 diabetes
INSR,Type 2 diabetes
MAP2K7,Type 2 diabetes
FARSA,Type 2 diabetes
AP3S2,Type 2 diabetes
PRC1,Type 2 diabetes
CLUAP1,Type 2 diabetes
ATP2A1,Type 2 diabetes
FTO,Type 2 diabetes
NFAT5,Type 2 diabetes
BCAR1,Type 2 diabetes
CMIP,Type 2 diabetes
SPG7,Type 2 diabetes
ZZEF1,Type 2 diabetes
GLP2R,Type 2 diabetes
RAI1,Type 2 diabetes
NF1,Type 2 diabetes
HNF1B,Type 2 diabetes
MLX,Type 2 diabetes
CDKN1B,Type 2 diabetes
ITPR2,Type 2 diabetes
HMGA2,Type 2 diabetes
TSPAN8,Type 2 diabetes
LGR5,Type 2 diabetes
USP44,Type 2 diabetes
WSCD2,Type 2 diabetes
KSR2,Type 2 diabetes
HNF1A,Type 2 diabetes
MPHOSPH9,Type 2 diabetes
FBRSL1,Type 2 diabetes
RNF6,Type 2 diabetes
HMGB1,Type 2 diabetes
KL,Type 2 diabetes
INS-IGF2,Type 2 diabetes
KCNQ1,Type 2 diabetes
CDKAL1,Type 2 diabetes
IGF2BP2,Type 2 diabetes
SLC30A8,Type 2 diabetes
HHEX,Type 2 diabetes
TCF7L2,Type 2 diabetes
CDKN2A,Type 2 diabetes
CDKN2B,Type 2 diabetes
PPARG,Type 2 diabetes
LPIN2,Type 2 diabetes
HUNK,Type 2 diabetes
KIF11,Type 2 diabetes
PEX5L,Type 2 diabetes
CR2,Type 2 diabetes
ACHE,Type 2 diabetes
TCERG1L,Type 2 diabetes
ZPLD1,Type 2 diabetes
PLS1,Type 2 diabetes
ITGB6,Type 2 diabetes
RBMS1,Type 2 diabetes
IRS1,Type 2 diabetes
PPP2R2C,Type 2 diabetes
WFS1,Type 2 diabetes
CETN3,Type 2 diabetes
TMEM163,Type 2 diabetes
MAP3K1,Type 2 diabetes
TGFBR3,Type 2 diabetes
CDC123,Type 2 diabetes
CAMK1D,Type 2 diabetes
ZBED3,Type 2 diabetes
KLF14,Type 2 diabetes
TP53INP1,Type 2 diabetes
BCL11A,Type 2 diabetes
ZFAND6,Type 2 diabetes
JAZF1,Type 2 diabetes
IDE,Type 2 diabetes
THADA,Type 2 diabetes
VEGFA,Type 2 diabetes
NOTCH2,Type 2 diabetes
ADAM30,Type 2 diabetes
DCD,Type 2 diabetes
SYN2,Type 2 diabetes
ADAMTS9,Type 2 diabetes
PTPRD,Type 2 diabetes
SRR,Type 2 diabetes
ANK1,Type 2 diabetes
SYK,Type 2 diabetes
SGCG,Type 2 diabetes
SACS,Type 2 diabetes
RHOU,Type 2 diabetes
NXN,Type 2 diabetes
CTCFL,Type 2 diabetes
RBM38,Type 2 diabetes
PCK1,Type 2 diabetes
SLC44A3,Type 2 diabetes
F3,Type 2 diabetes
RBM43,Type 2 diabetes
RND3,Type 2 diabetes
TMEM45B,Type 2 diabetes
BARX2,Type 2 diabetes
HLA-DQA2,Type 2 diabetes
ADCY5,Type 2 diabetes
GRB14,Type 2 diabetes
ST6GAL1,Type 2 diabetes
VPS26A,Type 2 diabetes
ROR2,Type 2 diabetes
OSBPL1A,Type 2 diabetes
LIMS2,Type 2 diabetes
DAAM1,Type 2 diabetes
LPP,Type 2 diabetes
CRHR2,Type 2 diabetes
PCBD2,Type 2 diabetes
PTEN,Type 2 diabetes
TLE4,Type 2 diabetes
UBE2E2,Type 2 diabetes
TMEM154,Type 2 diabetes
KCNK16,Type 2 diabetes
FAF1,Type 2 diabetes
PROX1,Type 2 diabetes
TCF19,Type 2 diabetes
POU5F1,Type 2 diabetes
TMEM18,Type 2 diabetes
ETV1,Type 2 diabetes
LYPLAL1,Type 2 diabetes
IL20RA,Type 2 diabetes
GLIS3,Type 2 diabetes
DGKB,Type 2 diabetes
RREB1,Type 2 diabetes
SSR1,Type 2 diabetes
ARL15,Type 2 diabetes
PLEKHA1,Type 2 diabetes
TLE1,Type 2 diabetes
ZMIZ1,Type 2 diabetes
JAG1,Type 2 diabetes
JMJD1C,Type 2 diabetes
MACF1,Type 2 diabetes
PATJ,Type 2 diabetes
DENND2C,Type 2 diabetes
PTGFRN,Type 2 diabetes
CPQ,Type 2 diabetes
TRHR,Type 2 diabetes
BOP1,Type 2 diabetes
HAUS6,Type 2 diabetes
FOCAD,Type 2 diabetes
TMCC1,Type 2 diabetes
TSC22D2,Type 2 diabetes
MBNL1,Type 2 diabetes
SLC2A2,Type 2 diabetes
ABCC5,Type 2 diabetes
PCGF3,Type 2 diabetes
MAEA,Type 2 diabetes
HTT,Type 2 diabetes
LCORL,Type 2 diabetes
GNPDA2,Type 2 diabetes
LINGO2,Type 2 diabetes
UBAP2,Type 2 diabetes
ZNF169,Type 2 diabetes
ABO,Type 2 diabetes
GPSM1,Type 2 diabetes
NEUROG3,Type 2 diabetes
USP46,Type 2 diabetes
SCD5,Type 2 diabetes
FAM13A,Type 2 diabetes
SMARCAD1,Type 2 diabetes
SLC9B1,Type 2 diabetes
PABPC4L,Type 2 diabetes
PDGFC,Type 2 diabetes
ACSL1,Type 2 diabetes
ANKH,Type 2 diabetes
MRPS30,Type 2 diabetes
ANKRD55,Type 2 diabetes
INS,Type 2 diabetes
IGF2,Type 2 diabetes
PDE3B,Type 2 diabetes
GLI2,Type 2 diabetes
CYTIP,Type 2 diabetes
COBLL1,Type 2 diabetes
KIF9,Type 2 diabetes
RBM6,Type 2 diabetes
RFT1,Type 2 diabetes
CACNA2D3,Type 2 diabetes
PSMD6,Type 2 diabetes
SHQ1,Type 2 diabetes
ROBO2,Type 2 diabetes
SLC12A8,Type 2 diabetes
SLC35D3,Type 2 diabetes
SLC22A3,Type 2 diabetes
QKI,Type 2 diabetes
IGF2BP3,Type 2 diabetes
GCK,Type 2 diabetes
FBXL13,Type 2 diabetes
RELN,Type 2 diabetes
CTTNBP2,Type 2 diabetes
AOC1,Type 2 diabetes
MNX1,Type 2 diabetes
MSRA,Type 2 diabetes
XKR6,Type 2 diabetes
LPL,Type 2 diabetes
PURG,Type 2 diabetes
SEC16B,Type 2 diabetes
DSTYK,Type 2 diabetes
SRGAP2,Type 2 diabetes
ABCB10,Type 2 diabetes
GNG4,Type 2 diabetes
DTNB,Type 2 diabetes
GCKR,Type 2 diabetes
BNIPL,Type 2 diabetes
CEP68,Type 2 diabetes
DDX18,Type 2 diabetes
POC5,Type 2 diabetes
DMGDH,Type 2 diabetes
RASA1,Type 2 diabetes
SLCO6A1,Type 2 diabetes
PAM,Type 2 diabetes
LRFN2,Type 2 diabetes
TFAP2B,Type 2 diabetes
BEND3,Type 2 diabetes
CENPW,Type 2 diabetes
SOGA3,Type 2 diabetes
GABRA4,Type 2 diabetes
COX7B2,Type 2 diabetes
DNER,Type 2 diabetes
SLC16A13,Type 2 diabetes
SLC16A11,Type 2 diabetes
GRK5,Type 2 diabetes
SRBD1,Type 2 diabetes
TYW5,Type 2 diabetes
SATB2,Type 2 diabetes
LRIG1,Type 2 diabetes
KBTBD8,Type 2 diabetes
BCL6,Type 2 diabetes
MARCKS,Type 2 diabetes
MTHFD1L,Type 2 diabetes
AKAP12,Type 2 diabetes
ADAMTS20,Type 2 diabetes
GTF2F2,Type 2 diabetes
TPT1,Type 2 diabetes
KLF5,Type 2 diabetes
KLF12,Type 2 diabetes
CPPED1,Type 2 diabetes
SNX29,Type 2 diabetes
COMMD7,Type 2 diabetes
BCL9,Type 2 diabetes
CHD1L,Type 2 diabetes
TMEM167A,Type 2 diabetes
XRCC4,Type 2 diabetes
CCDC85A,Type 2 diabetes
DMRTA1,Type 2 diabetes
ATP8B2,Type 2 diabetes
INAFM2,Type 2 diabetes
ASB3,Type 2 diabetes
C16orf74,Type 2 diabetes
ZBTB20,Type 2 diabetes
IGFBP2,Type 2 diabetes
GCC1,Type 2 diabetes
FSCN3,Type 2 diabetes
PAX4,Type 2 diabetes
LEP,Type 2 diabetes
GALNT14,Type 2 diabetes
CAPN13,Type 2 diabetes
HLA-B,Type 2 diabetes
HECW1,Type 2 diabetes
CPA6,Type 2 diabetes
INTS8,Type 2 diabetes
ASCL2,Type 2 diabetes
TH,Type 2 diabetes
ANXA2,Type 2 diabetes
TMEM175,Type 2 diabetes
ARF5,Type 2 diabetes
SND1,Type 2 diabetes
ZFAND3,Type 2 diabetes
FITM2,Type 2 diabetes
R3HDML,Type 2 diabetes
WWOX,Type 2 diabetes
ZC3H11B,Type 2 diabetes
CAMKK2,Type 2 diabetes
CALCOCO2,Type 2 diabetes
UBE2Z,Type 2 diabetes
SNF8,Type 2 diabetes
GIP,Type 2 diabetes
EHMT2,Type 2 diabetes
CILP2,Type 2 diabetes
JADE2,Type 2 diabetes
HLA-DRB5,Type 2 diabetes
BRAF,Type 2 diabetes
KCNU1,Type 2 diabetes
ABCB9,Type 2 diabetes
GATAD2A,Type 2 diabetes
APOC1,Type 2 diabetes
BCL2L11,Type 2 diabetes
HLA-DQA1,Type 2 diabetes
BCL2,Type 2 diabetes
CISD2,Type 2 diabetes
PCSK6,Type 2 diabetes
AUTS2,Type 2 diabetes
NTRK2,Type 2 diabetes
SOX11,Type 2 diabetes
CTBP1,Type 2 diabetes
SFI1,Type 2 diabetes
EML4,Type 2 diabetes
SOCS2,Type 2 diabetes
OASL,Type 2 diabetes
PITPNM2,Type 2 diabetes
FAM234A,Type 2 diabetes
CTRB1,Type 2 diabetes
STAT3,Type 2 diabetes
OSBPL7,Type 2 diabetes
TEX14,Type 2 diabetes
TACO1,Type 2 diabetes
SUGP1,Type 2 diabetes
FOXA2,Type 2 diabetes
EIF2S2,Type 2 diabetes
HORMAD2,Type 2 diabetes
SAMM50,Type 2 diabetes
CFAP77,Type 2 diabetes
CCDC77,Type 2 diabetes
XYLT1,Type 2 diabetes
KLHL42,Type 2 diabetes
ARG1,Type 2 diabetes
MED23,Type 2 diabetes
AGMO,Type 2 diabetes
YKT6,Type 2 diabetes
UBE3C,Type 2 diabetes
TNKS,Type 2 diabetes
PINX1,Type 2 diabetes
ZNF34,Type 2 diabetes
PTPDC1,Type 2 diabetes
FAM241B,Type 2 diabetes
CAMK2G,Type 2 diabetes
CHUK,Type 2 diabetes
YTHDC2,Type 2 diabetes
NFKBIL1,Type 2 diabetes
HLA-DQB1,Type 2 diabetes
HLA-DOB,Type 2 diabetes
TNIK,Type 2 diabetes
SPATA18,Type 2 diabetes
SLC9B2,Type 2 diabetes
NUDT6,Type 2 diabetes
SPHKAP,Type 2 diabetes
PTH1R,Type 2 diabetes
ATXN7,Type 2 diabetes
WDR11,Type 2 diabetes
FGFR2,Type 2 diabetes
PARP8,Type 2 diabetes
EMB,Type 2 diabetes
NUS1,Type 2 diabetes
ZNF257,Type 2 diabetes
FGFR4,Type 2 diabetes
ZNF346,Type 2 diabetes
USP48,Type 2 diabetes
NFATC2,Type 2 diabetes
DGKD,Type 2 diabetes
ZNF503,Type 2 diabetes
ARL4A,Type 2 diabetes
C17orf58,Type 2 diabetes
ZHX3,Type 2 diabetes
PPIP5K2,Type 2 diabetes
TPCN2,Type 2 diabetes
MRPS35,Type 2 diabetes
ABCC8,Type 2 diabetes
VWA5B1,Type 2 diabetes
MAST2,Type 2 diabetes
PGM1,Type 2 diabetes
TSEN15,Type 2 diabetes
MDM4,Type 2 diabetes
NUP133,Type 2 diabetes
SIX3,Type 2 diabetes
SCTR,Type 2 diabetes
EPC2,Type 2 diabetes
IKZF2,Type 2 diabetes
CASR,Type 2 diabetes
TFRC,Type 2 diabetes
MOB1B,Type 2 diabetes
NKX6-1,Type 2 diabetes
RANBP3L,Type 2 diabetes
HMGCR,Type 2 diabetes
PCSK1,Type 2 diabetes
HMGA1,Type 2 diabetes
GLP1R,Type 2 diabetes
ENPP3,Type 2 diabetes
REPS1,Type 2 diabetes
HIVEP2,Type 2 diabetes
MYL7,Type 2 diabetes
ZNF713,Type 2 diabetes
STEAP1,Type 2 diabetes
CALCR,Type 2 diabetes
RASA4,Type 2 diabetes
GRM8,Type 2 diabetes
ASAH1,Type 2 diabetes
ZNF703,Type 2 diabetes
FGFR1,Type 2 diabetes
NKX6-3,Type 2 diabetes
KCNB2,Type 2 diabetes
GDAP1,Type 2 diabetes
TRIB1,Type 2 diabetes
EFR3A,Type 2 diabetes
DMRT2,Type 2 diabetes
PTCH1,Type 2 diabetes
ABCA1,Type 2 diabetes
PTF1A,Type 2 diabetes
ARID5B,Type 2 diabetes
TSPAN15,Type 2 diabetes
LRMDA,Type 2 diabetes
BTAF1,Type 2 diabetes
MYOF,Type 2 diabetes
ARHGAP19,Type 2 diabetes
BBIP1,Type 2 diabetes
BDNF,Type 2 diabetes
SINHCAF,Type 2 diabetes
DENND5B,Type 2 diabetes
FAIM2,Type 2 diabetes
SH2B3,Type 2 diabetes
ALDH2,Type 2 diabetes
HECTD4,Type 2 diabetes
RBM19,Type 2 diabetes
FGF9,Type 2 diabetes
NYNRIN,Type 2 diabetes
LRRC74A,Type 2 diabetes
DLK1,Type 2 diabetes
TRAF3,Type 2 diabetes
HERC2,Type 2 diabetes
MYO5C,Type 2 diabetes
SIN3A,Type 2 diabetes
RGMA,Type 2 diabetes
IGF1R,Type 2 diabetes
SLX4,Type 2 diabetes
GP2,Type 2 diabetes
PKD1L3,Type 2 diabetes
ZFHX3,Type 2 diabetes
PITPNC1,Type 2 diabetes
SUMO2,Type 2 diabetes
ZNF799,Type 2 diabetes
ZNF738,Type 2 diabetes
EML2,Type 2 diabetes
ZNRF3,Type 2 diabetes
WNT7B,Type 2 diabetes
ANKRD34C,Type 2 diabetes
TRPM1,Type 2 diabetes
ADARB1,Type 2 diabetes
ITGA2,Type 2 diabetes
MASP1,Type 2 diabetes
ANKRD30A,Type 2 diabetes
WNT5A,Type 2 diabetes
RBFOX1,Type 2 diabetes
TMEM114,Type 2 diabetes
PALD1,Type 2 diabetes
GABRG3,Type 2 diabetes
PRKD1,Type 2 diabetes
MYH10,Type 2 diabetes
CCDC42,Type 2 diabetes
OTOL1,Type 2 diabetes
IFNAR2,Type 2 diabetes
LRP1B,Type 2 diabetes
SDK1,Type 2 diabetes
DEPDC5,Type 2 diabetes
CPED1,Type 2 diabetes
TCN2,Type 2 diabetes
KCNQ3,Type 2 diabetes
ZRANB3,Type 2 diabetes
GRSF1,Type 2 diabetes
DLEU7,Type 2 diabetes
KCNRG,Type 2 diabetes
CD86,Type 2 diabetes
SLC1A2,Type 2 diabetes
FANCL,Type 2 diabetes
RTN4RL1,Type 2 diabetes
SOCS6,Type 2 diabetes
ARID1B,Type 2 diabetes
TICRR,Type 2 diabetes
CSMD1,Type 2 diabetes
TREML2,Type 2 diabetes
TGFB1,Type 2 diabetes
SH2B2,Type 2 diabetes
ELFN1,Type 2 diabetes
AVPR1A,Type 2 diabetes
DPY19L2,Type 2 diabetes
SPTB,Type 2 diabetes
HACE1,Type 2 diabetes
CDH2,Type 2 diabetes
TCAF2,Type 2 diabetes
CTAGE6,Type 2 diabetes
AGTR1,Type 2 diabetes
TAF12,Type 2 diabetes
OR7A17,Type 2 diabetes
OR7C2,Type 2 diabetes
ANO4,Type 2 diabetes
PPARA,Type 2 diabetes
EIF4E3,Type 2 diabetes
DSC3,Type 2 diabetes
LRRC32,Type 2 diabetes
HDGFL1,Type 2 diabetes
NRSN1,Type 2 diabetes
UNC5C,Type 2 diabetes
ST18,Type 2 diabetes
LRRC7,Type 2 diabetes
KATNAL1,Type 2 diabetes
AP3B1,Type 2 diabetes
CDH18,Type 2 diabetes
DLG2,Type 2 diabetes
PTPN11,Multiple sclerosis
SFMBT1,Multiple sclerosis
SGSM2,Multiple sclerosis
FAM221B,Multiple sclerosis
LCN6,Multiple sclerosis
RORA,Multiple sclerosis
MEF2C,Multiple sclerosis
PDE4B,Multiple sclerosis
TNIP2,Multiple sclerosis
PAPOLG,Multiple sclerosis
BCL2L11,Multiple sclerosis
SLA,Multiple sclerosis
TG,Multiple sclerosis
IRF8,Multiple sclerosis
L3MBTL3,Multiple sclerosis
RASGEF1A,Multiple sclerosis
MINK1,Multiple sclerosis
AKAP13,Multiple sclerosis
MLLT10,Multiple sclerosis
MYO5B,Multiple sclerosis
IKZF2,Multiple sclerosis
NAB1,Multiple sclerosis
ENTHD1,Multiple sclerosis
EXOC2,Multiple sclerosis
CASP8,Multiple sclerosis
UNK,Multiple sclerosis
SMARCA4,Multiple sclerosis
CCDC12,Multiple sclerosis
FBXO45,Multiple sclerosis
COG6,Multiple sclerosis
TMEM244,Multiple sclerosis
RGCC,Multiple sclerosis
B4GALT5,Multiple sclerosis
RPS6KA5,Multiple sclerosis
ZBTB38,Multiple sclerosis
SCAF11,Multiple sclerosis
TRIM71,Multiple sclerosis
ARHGAP26,Multiple sclerosis
MAPK3,Multiple sclerosis
POU2AF1,Multiple sclerosis
LIPG,Multiple sclerosis
DIRAS2,Multiple sclerosis
MAP3K14,Multiple sclerosis
MPO,Multiple sclerosis
ALPK2,Multiple sclerosis
CD58,Multiple sclerosis
HLA-DRB1,Multiple sclerosis
HLA-B,Multiple sclerosis
IL12A,Multiple sclerosis
IL2RA,Multiple sclerosis
TNFRSF1A,Multiple sclerosis
CXCR4,Multiple sclerosis
CLEC16A,Multiple sclerosis
IL7R,Multiple sclerosis
CD6,Multiple sclerosis
PTGER4,Multiple sclerosis
MPHOSPH9,Multiple sclerosis
ZMIZ1,Multiple sclerosis
RPL5,Multiple sclerosis
EVI5,Multiple sclerosis
CYP27B1,Multiple sclerosis
METTL1,Multiple sclerosis
CD40,Multiple sclerosis
ASAP1,Multiple sclerosis
MLANA,Multiple sclerosis
THADA,Multiple sclerosis
STAT3,Multiple sclerosis
IL12B,Multiple sclerosis
KPNB1,Multiple sclerosis
TBX21,Multiple sclerosis
TBKBP1,Multiple sclerosis
ILDR1,Multiple sclerosis
CD86,Multiple sclerosis
TAGAP,Multiple sclerosis
TNP2,Multiple sclerosis
PRM3,Multiple sclerosis
PRM2,Multiple sclerosis
PRM1,Multiple sclerosis
EOMES,Multiple sclerosis
EPS15L1,Multiple sclerosis
FBXO48,Multiple sclerosis
PLEK,Multiple sclerosis
HLA-DRA,Multiple sclerosis
KIF1B,Multiple sclerosis
PDZRN4,Multiple sclerosis
SLC25A36,Multiple sclerosis
GPC5,Multiple sclerosis
CSMD1,Multiple sclerosis
SH3GL2,Multiple sclerosis
EN1,Multiple sclerosis
ZIC1,Multiple sclerosis
YWHAG,Multiple sclerosis
TRIM2,Multiple sclerosis
POPDC3,Multiple sclerosis
SLC30A7,Multiple sclerosis
VCAM1,Multiple sclerosis
SOX8,Multiple sclerosis
SYK,Multiple sclerosis
TNFSF14,Multiple sclerosis
ZFP36L1,Multiple sclerosis
ZNF746,Multiple sclerosis
CYP24A1,Multiple sclerosis
FCRL3,Multiple sclerosis
MAF,Multiple sclerosis
MPV17L2,Multiple sclerosis
MYNN,Multiple sclerosis
NFKBIZ,Multiple sclerosis
THEMIS,Multiple sclerosis
PTPRK,Multiple sclerosis
RGS1,Multiple sclerosis
SAE1,Multiple sclerosis
SP140,Multiple sclerosis
MALT1,Multiple sclerosis
MAMSTR,Multiple sclerosis
NFKB1,Multiple sclerosis
MANBA,Multiple sclerosis
MAPK1,Multiple sclerosis
MERTK,Multiple sclerosis
MMEL1,Multiple sclerosis
MYB,Multiple sclerosis
MYC,Multiple sclerosis
OLIG3,Multiple sclerosis
NCOA5,Multiple sclerosis
NDFIP1,Multiple sclerosis
ODF3B,Multiple sclerosis
SCO2,Multiple sclerosis
IL7,Multiple sclerosis
PKIA,Multiple sclerosis
PLCL2,Multiple sclerosis
PVR,Multiple sclerosis
RGS14,Multiple sclerosis
RPS6KB1,Multiple sclerosis
RREB1,Multiple sclerosis
AGAP2,Multiple sclerosis
AHI1,Multiple sclerosis
BACH2,Multiple sclerosis
BATF,Multiple sclerosis
KIF21B,Multiple sclerosis
TMEM39A,Multiple sclerosis
CD5,Multiple sclerosis
CDC37,Multiple sclerosis
TYK2,Multiple sclerosis
CHST12,Multiple sclerosis
CLECL1,Multiple sclerosis
CXCR5,Multiple sclerosis
DDAH1,Multiple sclerosis
DKKL1,Multiple sclerosis
EXTL2,Multiple sclerosis
GPR65,Multiple sclerosis
HHEX,Multiple sclerosis
IL22RA2,Multiple sclerosis
TCF7,Multiple sclerosis
SLC15A2,Multiple sclerosis
ZBTB46,Multiple sclerosis
ZNF438,Multiple sclerosis
VAV2,Multiple sclerosis
ZNF433,Multiple sclerosis
CBLB,Multiple sclerosis
HLA-DQB1,Multiple sclerosis
ATXN1,Multiple sclerosis
VANGL2,Multiple sclerosis
STAT4,Multiple sclerosis
TOX2,Multiple sclerosis
CD28,Multiple sclerosis
DOCK10,Multiple sclerosis
LRRC34,Multiple sclerosis
TRIM14,Multiple sclerosis
RHOH,Multiple sclerosis
ASF1A,Multiple sclerosis
ALDH1L1,Multiple sclerosis
BCL2,Multiple sclerosis
IFNGR2,Multiple sclerosis
RAD51B,Multiple sclerosis
JADE2,Multiple sclerosis
CBFA2T3,Multiple sclerosis
IL10RB,Multiple sclerosis
OS9,Multiple sclerosis
CDHR3,Multiple sclerosis
TGFBR3,Multiple sclerosis
ABI3BP,Multiple sclerosis
WWOX,Multiple sclerosis
IL20RA,Multiple sclerosis
SLC2A4RG,Multiple sclerosis
GTDC1,Multiple sclerosis
TIMMDC1,Multiple sclerosis
RGS21,Multiple sclerosis
JAK1,Multiple sclerosis
ATP6V1G3,Multiple sclerosis
BCL9L,Multiple sclerosis
CD200R1,Multiple sclerosis
MCL1,Multiple sclerosis
ZBTB7B,Multiple sclerosis
NADK,Multiple sclerosis
FAM167B,Multiple sclerosis
LCK,Multiple sclerosis
PDE3B,Multiple sclerosis
SOCS1,Multiple sclerosis
SLC7A6OS,Multiple sclerosis
CDH3,Multiple sclerosis
INTS8,Multiple sclerosis
KIF27,Multiple sclerosis
JAZF1,Multiple sclerosis
PRICKLE1,Multiple sclerosis
TBX6,Multiple sclerosis
GALC,Multiple sclerosis
ETS1,Multiple sclerosis
ETV3L,Multiple sclerosis
KCP,Multiple sclerosis
NCOR2,Multiple sclerosis
ZNHIT3,Multiple sclerosis
IFI30,Multiple sclerosis
ZHX3,Multiple sclerosis
PHGDH,Multiple sclerosis
DRAP1,Multiple sclerosis
HTR3A,Multiple sclerosis
GFI1,Multiple sclerosis
ELMO1,Multiple sclerosis
PHKG1,Multiple sclerosis
MYBPC3,Multiple sclerosis
LTBR,Multiple sclerosis
CD226,Multiple sclerosis
BCAS1,Multiple sclerosis
BCL6,Multiple sclerosis
MCTP1,Multiple sclerosis
AFF1,Multiple sclerosis
RDX,Multiple sclerosis
TET2,Multiple sclerosis
APOA5,Multiple sclerosis
ERG,Multiple sclerosis
ZNF652,Multiple sclerosis
ESPN,Multiple sclerosis
FAM71B,Multiple sclerosis
TNFAIP8,Multiple sclerosis
PHLDB1,Multiple sclerosis
IFITM3,Multiple sclerosis
C1orf52,Multiple sclerosis
CLDN7,Multiple sclerosis
DLL4,Multiple sclerosis
SCAMP2,Multiple sclerosis
NGRN,Multiple sclerosis
RUNX3,Multiple sclerosis
SMG6,Multiple sclerosis
CNR2,Multiple sclerosis
TXK,Multiple sclerosis
FUCA2,Multiple sclerosis
IGSF23,Multiple sclerosis
MAPK10,Multiple sclerosis
ATF1,Multiple sclerosis
PITPNM2,Multiple sclerosis
CLEC2D,Multiple sclerosis
NR1D1,Multiple sclerosis
BATF3,Multiple sclerosis
HBS1L,Multiple sclerosis
CTSH,Multiple sclerosis
SLAMF1,Multiple sclerosis
NPEPPS,Multiple sclerosis
LPCAT1,Multiple sclerosis
DDX6,Multiple sclerosis
ITPR1,Multiple sclerosis
BHLHE40,Multiple sclerosis
VMP1,Multiple sclerosis
PDE4A,Multiple sclerosis
IL6,Multiple sclerosis
TRAF3,Multiple sclerosis
LY86,Multiple sclerosis
RCOR1,Multiple sclerosis
HORMAD1,Multiple sclerosis
UBXN6,Multiple sclerosis
DNMT3A,Multiple sclerosis
PRR5L,Multiple sclerosis
GATA3,Multiple sclerosis
SLC6A16,Multiple sclerosis
ZNF365,Multiple sclerosis
TNIP3,Multiple sclerosis
MTHFR,Multiple sclerosis
PTEN,Multiple sclerosis
KLF3,Multiple sclerosis
EPPK1,Multiple sclerosis
SH2B3,Multiple sclerosis
CSF2RB,Multiple sclerosis
ZNF217,Multiple sclerosis
SIDT1,Multiple sclerosis
GRB2,Multiple sclerosis
LIMK2,Multiple sclerosis
GIMAP6,Multiple sclerosis
LPP,Multiple sclerosis
NUDT12,Multiple sclerosis
DPP4,Multiple sclerosis
CAMK2G,Multiple sclerosis
SPRED2,Multiple sclerosis
PRDX5,Multiple sclerosis
TERT,Multiple sclerosis
UBE2E3,Multiple sclerosis
CR1L,Multiple sclerosis
NCF4,Multiple sclerosis
CRTAP,Multiple sclerosis
PLXNC1,Multiple sclerosis
ARHGEF3,Multiple sclerosis
IKZF3,Multiple sclerosis
LEF1,Multiple sclerosis
MRGPRE,Multiple sclerosis
ARHGEF10,Multiple sclerosis
ARL11,Multiple sclerosis
MMP10,Multiple sclerosis
HACE1,Multiple sclerosis
VTI1A,Multiple sclerosis
SAMD12,Multiple sclerosis
TLL1,Multiple sclerosis
RNASEL,Multiple sclerosis
DSC1,Multiple sclerosis
MAZ,Multiple sclerosis
SHMT1,Multiple sclerosis
ANKRD55,Multiple sclerosis
TNFRSF14,Multiple sclerosis
KL,Multiple sclerosis
DLEU7,Multiple sclerosis
JDP2,Multiple sclerosis
RASGRP1,Multiple sclerosis
CCL22,Multiple sclerosis
FPR2,Multiple sclerosis
FPR3,Multiple sclerosis
SLAMF6,Multiple sclerosis
TRIB2,Multiple sclerosis
ITGA4,Multiple sclerosis
CTLA4,Multiple sclerosis
C3orf80,Multiple sclerosis
SH3BP2,Multiple sclerosis
FNDC1,Multiple sclerosis
FAM167A,Multiple sclerosis
NCOA2,Multiple sclerosis
LPIN3,Multiple sclerosis
RBM17,Multiple sclerosis
PLEKHG5,Multiple sclerosis
BCL10,Multiple sclerosis
IQGAP1,Multiple sclerosis
RMI2,Multiple sclerosis
PXT1,Multiple sclerosis
SLC9A8,Multiple sclerosis
CD69,Multiple sclerosis
TSFM,Multiple sclerosis
TEF,Multiple sclerosis
IQCB1,Multiple sclerosis
TNFAIP3,Multiple sclerosis
ZC2HC1A,Multiple sclerosis
AGBL2,Multiple sclerosis
FCRL1,Multiple sclerosis
SLAMF7,Multiple sclerosis
CENPO,Multiple sclerosis
CCR4,Multiple sclerosis
FOXP1,Multiple sclerosis
SLC44A2,Multiple sclerosis
CARD11,Multiple sclerosis
TREH,Multiple sclerosis
IKZF1,Multiple sclerosis
CSGALNACT2,Multiple sclerosis
CD48,Multiple sclerosis
NLRC5,Multiple sclerosis
CHD7,Multiple sclerosis
LBH,Multiple sclerosis
PREP,Multiple sclerosis
SLC9B1,Multiple sclerosis
PUS10,Multiple sclerosis
RRAS2,Multiple sclerosis
TTC28,Multiple sclerosis
ZC3HAV1,Multiple sclerosis
SLC7A10,Multiple sclerosis
RCL1,Multiple sclerosis
ETV7,Multiple sclerosis
KLF6,Multiple sclerosis
UCK2,Multiple sclerosis
HOXA1,Multiple sclerosis
ADCY3,Multiple sclerosis
SETD1A,Multiple sclerosis
SYDE2,Multiple sclerosis
LZTFL1,Multiple sclerosis
MEF2B,Multiple sclerosis
CD2,Multiple sclerosis
FRMD6,Multiple sclerosis
CLU,Alzheimer's disease
PICALM,Alzheimer's disease
APOE,Alzheimer's disease
TOMM40,Alzheimer's disease
ZNF224,Alzheimer's disease
DISC1,Alzheimer's disease
PAX2,Alzheimer's disease
TTLL7,Alzheimer's disease
SASH1,Alzheimer's disease
RFC3,Alzheimer's disease
SLC4A1AP,Alzheimer's disease
POLN,Alzheimer's disease
CNTNAP2,Alzheimer's disease
STK24,Alzheimer's disease
BIN1,Alzheimer's disease
CR1,Alzheimer's disease
APOC1,Alzheimer's disease
MMP3,Alzheimer's disease
MMP12,Alzheimer's disease
PPP1R3B,Alzheimer's disease
ABCA7,Alzheimer's disease
MS4A4E,Alzheimer's disease
MS4A6A,Alzheimer's disease
FRMD4A,Alzheimer's disease
CD33,Alzheimer's disease
TREM2,Alzheimer's disease
BCAM,Alzheimer's disease
PVR,Alzheimer's disease
EXOC3L2,Alzheimer's disease
BCL3,Alzheimer's disease
MS4A3,Alzheimer's disease
FANCD2,Alzheimer's disease
FANCD2OS,Alzheimer's disease
RELN,Alzheimer's disease
MSRA,Alzheimer's disease
BMPER,Alzheimer's disease
HBEGF,Alzheimer's disease
PFDN1,Alzheimer's disease
USP6NL,Alzheimer's disease
ECHDC3,Alzheimer's disease
MS4A2,Alzheimer's disease
ANKRD31,Alzheimer's disease
SORL1,Alzheimer's disease
MAPT,Alzheimer's disease
EPHA1,Alzheimer's disease
RIN3,Alzheimer's disease
MEF2C,Alzheimer's disease
ZCWPW1,Alzheimer's disease
NME8,Alzheimer's disease
CELF1,Alzheimer's disease
HLA-DRB5,Alzheimer's disease
PTK2B,Alzheimer's disease
CD2AP,Alzheimer's disease
TP53INP1,Alzheimer's disease
NDUFAF6,Alzheimer's disease
SCIMP,Alzheimer's disease
ANTXR1,Alzheimer's disease
PAX5,Alzheimer's disease
KBTBD8,Alzheimer's disease
TNXB,Alzheimer's disease
LHX1,Alzheimer's disease
SFSWAP,Alzheimer's disease
MAPK7,Alzheimer's disease
FBXL13,Alzheimer's disease
LINC00634,Alzheimer's disease
SFT2D2,Alzheimer's disease
TRH,Alzheimer's disease
MRPL39,Alzheimer's disease
TRIM56,Alzheimer's disease
STK32B,Alzheimer's disease
AP2A2,Alzheimer's disease
SYK,Alzheimer's disease
MYO16,Alzheimer's disease
MAP4K4,Alzheimer's disease
FZD1,Schizophrenia
ACSM1,Schizophrenia
PLAA,Schizophrenia
ANK3,Schizophrenia
ZNF804A,Schizophrenia
GRIK3,Schizophrenia
NOTCH4,Schizophrenia
NKAIN2,Schizophrenia
TCF4,Schizophrenia
CLC,Schizophrenia
FEZ1,Schizophrenia
PRRC2A,Schizophrenia
BAG6,Schizophrenia
NT5C2,Schizophrenia
AS3MT,Schizophrenia
CNNM2,Schizophrenia
BRD1,Schizophrenia
SEC16B,Schizophrenia
FBXO11,Schizophrenia
ARHGAP31,Schizophrenia
POM121L2,Schizophrenia
SLC17A1,Schizophrenia
BTN3A2,Schizophrenia
BTN2A2,Schizophrenia
BTN3A1,Schizophrenia
ZNF184,Schizophrenia
PRSS16,Schizophrenia
SLC17A3,Schizophrenia
HLA-DQA1,Schizophrenia
CACNA1C,Schizophrenia
DPYD,Schizophrenia
PTBP2,Schizophrenia
SNX8,Schizophrenia
NUDT1,Schizophrenia
MAD1L1,Schizophrenia
MMP16,Schizophrenia
PKNOX2,Schizophrenia
CSMD1,Schizophrenia
VRK2,Schizophrenia
SLCO6A1,Schizophrenia
NRGN,Schizophrenia
FXR1,Schizophrenia
CCDC60,Schizophrenia
EXOC2,Schizophrenia
PPFIA2,Schizophrenia
CNTNAP5,Schizophrenia
TMTC1,Schizophrenia
DCAF6,Schizophrenia
LSM1,Schizophrenia
TRIM26,Schizophrenia
CACNA1I,Schizophrenia
ARNTL,Schizophrenia
CDH13,Schizophrenia
TSNARE1,Schizophrenia
TLE1,Schizophrenia
CACNB2,Schizophrenia
ARL3,Schizophrenia
CYP17A1,Schizophrenia
INA,Schizophrenia
PCGF6,Schizophrenia
PDCD11,Schizophrenia
SFXN2,Schizophrenia
TAF5,Schizophrenia
TRIM8,Schizophrenia
WBP1L,Schizophrenia
LUZP2,Schizophrenia
BTBD18,Schizophrenia
CLP1,Schizophrenia
CTNND1,Schizophrenia
MED19,Schizophrenia
SERPING1,Schizophrenia
TMX2,Schizophrenia
YPEL4,Schizophrenia
ZDHHC5,Schizophrenia
C11orf87,Schizophrenia
DRD2,Schizophrenia
GRAMD1B,Schizophrenia
ESAM,Schizophrenia
MSANTD2,Schizophrenia
VSIG2,Schizophrenia
SNX19,Schizophrenia
IGSF9B,Schizophrenia
LRP1,Schizophrenia
MYO1A,Schizophrenia
NAB2,Schizophrenia
NDUFA4L2,Schizophrenia
NXPH4,Schizophrenia
R3HDM2,Schizophrenia
SHMT2,Schizophrenia
STAC3,Schizophrenia
STAT6,Schizophrenia
TAC3,Schizophrenia
C12orf42,Schizophrenia
ATP2A2,Schizophrenia
ABCB9,Schizophrenia
ARL6IP4,Schizophrenia
C12orf65,Schizophrenia
CDK2AP1,Schizophrenia
MPHOSPH9,Schizophrenia
OGFOD2,Schizophrenia
PITPNM2,Schizophrenia
RILPL2,Schizophrenia
SBNO1,Schizophrenia
PRKD1,Schizophrenia
RGS6,Schizophrenia
BCL11B,Schizophrenia
BAG5,Schizophrenia
CKB,Schizophrenia
KLC1,Schizophrenia
PPP1R13B,Schizophrenia
TRMT61A,Schizophrenia
XRCC3,Schizophrenia
ZFYVE21,Schizophrenia
ANKRD63,Schizophrenia
PAK6,Schizophrenia
PLCB2,Schizophrenia
CCDC39,Schizophrenia
DNAJC19,Schizophrenia
PLCH2,Schizophrenia
SLC39A8,Schizophrenia
KDM4A,Schizophrenia
PTPRF,Schizophrenia
GPM6A,Schizophrenia
ZSWIM6,Schizophrenia
MAN2A1,Schizophrenia
AKT3,Schizophrenia
SDCCAG8,Schizophrenia
GRIA1,Schizophrenia
CYP26B1,Schizophrenia
FUT9,Schizophrenia
ANKRD44,Schizophrenia
BOLL,Schizophrenia
COQ10B,Schizophrenia
HSPD1,Schizophrenia
HSPE1,Schizophrenia
MARS2,Schizophrenia
PLCL1,Schizophrenia
RFTN2,Schizophrenia
SF3B1,Schizophrenia
PUS7,Schizophrenia
SRPK2,Schizophrenia
CUL3,Schizophrenia
PODXL,Schizophrenia
CNTN4,Schizophrenia
TRANK1,Schizophrenia
CA8,Schizophrenia
ATXN7,Schizophrenia
C3orf49,Schizophrenia
PSMD6,Schizophrenia
THOC7,Schizophrenia
KCNV1,Schizophrenia
IMMP2L,Schizophrenia
CLCN3,Schizophrenia
NEK1,Schizophrenia
LRRIQ3,Schizophrenia
HCN1,Schizophrenia
ANP32E,Schizophrenia
APH1A,Schizophrenia
C1orf54,Schizophrenia
CA14,Schizophrenia
OTUD7B,Schizophrenia
PLEKHO1,Schizophrenia
VPS45,Schizophrenia
MEF2C,Schizophrenia
CD46,Schizophrenia
CR1L,Schizophrenia
CDC25C,Schizophrenia
CTNNA1,Schizophrenia
EGR1,Schizophrenia
ETF1,Schizophrenia
FAM53C,Schizophrenia
GFRA3,Schizophrenia
HSPA9,Schizophrenia
KDM3B,Schizophrenia
REEP2,Schizophrenia
FANCL,Schizophrenia
GALNT10,Schizophrenia
DPP4,Schizophrenia
SLC4A10,Schizophrenia
RIMS1,Schizophrenia
GRM3,Schizophrenia
SATB2,Schizophrenia
EFHD1,Schizophrenia
GIGYF2,Schizophrenia
KCNJ13,Schizophrenia
NGEF,Schizophrenia
DGKI,Schizophrenia
PTN,Schizophrenia
TBC1D5,Schizophrenia
CLU,Schizophrenia
EPHX2,Schizophrenia
GLT8D1,Schizophrenia
GNL3,Schizophrenia
ITIH1,Schizophrenia
ITIH3,Schizophrenia
ITIH4,Schizophrenia
MUSTN1,Schizophrenia
NEK4,Schizophrenia
NISCH,Schizophrenia
NT5DC2,Schizophrenia
PBRM1,Schizophrenia
SMIM4,Schizophrenia
SPCS1,Schizophrenia
STAB1,Schizophrenia
MSL2,Schizophrenia
NCK1,Schizophrenia
PCCB,Schizophrenia
PPP2R3A,Schizophrenia
SLC35G2,Schizophrenia
STAG1,Schizophrenia
TLE3,Schizophrenia
CHRNA3,Schizophrenia
CHRNA5,Schizophrenia
CHRNB4,Schizophrenia
IREB2,Schizophrenia
PSMA4,Schizophrenia
ADAMTSL3,Schizophrenia
GOLGA6L4,Schizophrenia
ZSCAN2,Schizophrenia
FES,Schizophrenia
FURIN,Schizophrenia
MAN2A2,Schizophrenia
GRIN2A,Schizophrenia
ERCC4,Schizophrenia
ALDOA,Schizophrenia
ASPHD1,Schizophrenia
C16orf92,Schizophrenia
DOC2A,Schizophrenia
GDPD3,Schizophrenia
HIRIP3,Schizophrenia
INO80E,Schizophrenia
KCTD13,Schizophrenia
MAPK3,Schizophrenia
PPP4C,Schizophrenia
SEZ6L2,Schizophrenia
TAOK2,Schizophrenia
TBX6,Schizophrenia
TMEM219,Schizophrenia
YPEL3,Schizophrenia
CNOT1,Schizophrenia
SLC38A7,Schizophrenia
ACD,Schizophrenia
C16orf86,Schizophrenia
CENPT,Schizophrenia
CTRL,Schizophrenia
DDX28,Schizophrenia
DPEP2,Schizophrenia
DPEP3,Schizophrenia
EDC4,Schizophrenia
ENKD1,Schizophrenia
ESRP2,Schizophrenia
GFOD2,Schizophrenia
LCAT,Schizophrenia
NFATC3,Schizophrenia
NRN1L,Schizophrenia
NUTF2,Schizophrenia
PARD6A,Schizophrenia
PLA2G15,Schizophrenia
PSKH1,Schizophrenia
PSMB10,Schizophrenia
RANBP10,Schizophrenia
SLC12A4,Schizophrenia
SLC7A6,Schizophrenia
SLC7A6OS,Schizophrenia
THAP11,Schizophrenia
TSNAXIP1,Schizophrenia
SGSM2,Schizophrenia
SMG6,Schizophrenia
SRR,Schizophrenia
TSR1,Schizophrenia
ATPAF2,Schizophrenia
DRG2,Schizophrenia
GID4,Schizophrenia
MYO15A,Schizophrenia
RAI1,Schizophrenia
SREBF1,Schizophrenia
TOM1L2,Schizophrenia
CILP2,Schizophrenia
GATAD2A,Schizophrenia
HAPLN4,Schizophrenia
MAU2,Schizophrenia
NCAN,Schizophrenia
NDUFA13,Schizophrenia
PBX4,Schizophrenia
SUGP1,Schizophrenia
TM6SF2,Schizophrenia
TSSK6,Schizophrenia
ZNF536,Schizophrenia
NOSIP,Schizophrenia
PRR12,Schizophrenia
PRRG2,Schizophrenia
RCN3,Schizophrenia
RRAS,Schizophrenia
SCAF1,Schizophrenia
ACTR5,Schizophrenia
PPP1R16B,Schizophrenia
SLC32A1,Schizophrenia
KCNB1,Schizophrenia
PTGIS,Schizophrenia
CHADL,Schizophrenia
EP300,Schizophrenia
L3MBTL2,Schizophrenia
RANGAP1,Schizophrenia
CENPM,Schizophrenia
CYP2D6,Schizophrenia
NAGA,Schizophrenia
NDUFA6,Schizophrenia
SHISA8,Schizophrenia
SMDT1,Schizophrenia
SREBF2,Schizophrenia
TCF20,Schizophrenia
TNFRSF13C,Schizophrenia
WBP2NL,Schizophrenia
RELN,Schizophrenia
NDST3,Schizophrenia
LIPC,Schizophrenia
GPN1,Schizophrenia
MRPL33,Schizophrenia
RBKS,Schizophrenia
SLC4A1AP,Schizophrenia
SUPT7L,Schizophrenia
MECR,Schizophrenia
SRSF4,Schizophrenia
SOWAHC,Schizophrenia
LINGO2,Schizophrenia
MKNK1,Schizophrenia
KIT,Schizophrenia
LMBR1,Schizophrenia
NOM1,Schizophrenia
TBX1,Schizophrenia
GNB1L,Schizophrenia
PEPD,Schizophrenia
CEBPG,Schizophrenia
CTDP1,Schizophrenia
ADAMTS6,Schizophrenia
PCDH20,Schizophrenia
CXCL12,Schizophrenia
ZFYVE28,Schizophrenia
RORA,Schizophrenia
HLA-DRB1,Schizophrenia
KIF26B,Schizophrenia
NLRC5,Schizophrenia
AGBL1,Schizophrenia
STT3A,Schizophrenia
CCDC68,Schizophrenia
CALHM1,Schizophrenia
CALHM2,Schizophrenia
CALHM3,Schizophrenia
NSUN6,Schizophrenia
GMIP,Schizophrenia
LPAR2,Schizophrenia
YJEFN3,Schizophrenia
CEBPZ,Schizophrenia
PRKD3,Schizophrenia
SULT6B1,Schizophrenia
QPCT,Schizophrenia
PHF7,Schizophrenia
GLYCTK,Schizophrenia
DNAH1,Schizophrenia
BAP1,Schizophrenia
ALAS1,Schizophrenia
WDR82,Schizophrenia
TWF2,Schizophrenia
TNNC1,Schizophrenia
TLR9,Schizophrenia
SFMBT1,Schizophrenia
SEMA3G,Schizophrenia
RFT1,Schizophrenia
PPM1M,Schizophrenia
ZEB2,Schizophrenia
SPATS2L,Schizophrenia
C2orf69,Schizophrenia
TYW5,Schizophrenia
CEP170,Schizophrenia
NKAPL,Schizophrenia
TSPAN18,Schizophrenia
NRP1,Schizophrenia
PARD3,Schizophrenia
CEACAM21,Schizophrenia
MSRA,Schizophrenia
HHAT,Schizophrenia
SYT13,Schizophrenia
C1orf167,Schizophrenia
TENM2,Schizophrenia
GABBR1,Schizophrenia
CCDC182,Schizophrenia
TNKS,Schizophrenia
CDIP1,Schizophrenia
CORO7,Schizophrenia
DNAJA3,Schizophrenia
NMRAL1,Schizophrenia
KCNG2,Schizophrenia
OTOL1,Schizophrenia
POLG,Schizophrenia
RLBP1,Schizophrenia
NOS1,Schizophrenia
MAGI2,Schizophrenia
HACE1,Schizophrenia
LIN28B,Schizophrenia
EYS,Schizophrenia
PHF3,Schizophrenia
PTP4A1,Schizophrenia
BTG1,Schizophrenia
CDH11,Schizophrenia
EMB,Schizophrenia
AP3B2,Schizophrenia
CPEB1,Schizophrenia
BDH2,Schizophrenia
CENPE,Schizophrenia
CISD2,Schizophrenia
SLC9B1,Schizophrenia
ADGRV1,Schizophrenia
NDUFA2,Schizophrenia
PCDHA1,Schizophrenia
PCDHA10,Schizophrenia
PCDHA13,Schizophrenia
PCDHA2,Schizophrenia
PCDHA3,Schizophrenia
PCDHA4,Schizophrenia
PCDHA5,Schizophrenia
PCDHA7,Schizophrenia
PCDHA8,Schizophrenia
PCDHAC2,Schizophrenia
PCDHB3,Schizophrenia
SRA1,Schizophrenia
TMCO6,Schizophrenia
WDR55,Schizophrenia
ZMAT2,Schizophrenia
FLRT2,Schizophrenia
ERI1,Schizophrenia
CDSN,Schizophrenia
GTF2H4,Schizophrenia
PPP1R3A,Schizophrenia
HYAL3,Schizophrenia
RASSF1,Schizophrenia
FYN,Schizophrenia
CALN1,Schizophrenia
YWHAE,Schizophrenia
GPD1L,Schizophrenia
ZNF860,Schizophrenia
MATN1,Schizophrenia
PTPRU,Schizophrenia
MSI2,Schizophrenia
AKAP6,Schizophrenia
NPAS3,Schizophrenia
CSDC2,Schizophrenia
MCHR1,Schizophrenia
POLR3H,Schizophrenia
XPNPEP3,Schizophrenia
ZC3H7B,Schizophrenia
ECM1,Schizophrenia
MRPS21,Schizophrenia
RPRD2,Schizophrenia
ZKSCAN3,Schizophrenia
ZSCAN23,Schizophrenia
JMJD1C,Schizophrenia
NRBF2,Schizophrenia
DMTF1,Schizophrenia
ERGIC3,Schizophrenia
AMBRA1,Schizophrenia
CHRM4,Schizophrenia
DGKZ,Schizophrenia
MDK,Schizophrenia
EMX1,Schizophrenia
MTMR7,Schizophrenia
VPS37A,Schizophrenia
ZDHHC2,Schizophrenia
RERE,Schizophrenia
SLC45A1,Schizophrenia
MRAP2,Schizophrenia
SNAP91,Schizophrenia
VPS13C,Schizophrenia
FOXO3,Schizophrenia
AKAP10,Schizophrenia
SPECC1,Schizophrenia
MED8,Schizophrenia
ST3GAL3,Schizophrenia
LRRN3,Schizophrenia
NMUR2,Schizophrenia
ANAPC7,Schizophrenia
DCLK3,Schizophrenia
MLH1,Schizophrenia
BAG4,Schizophrenia
DDHD2,Schizophrenia
LETM2,Schizophrenia
BNIP3L,Schizophrenia
PPP2R2A,Schizophrenia
GSDMD,Schizophrenia
MROH6,Schizophrenia
EEF1D,Schizophrenia
TIGD5,Schizophrenia
BMPR1B,Schizophrenia
PRMT7,Schizophrenia
KIAA1217,Schizophrenia
CLSTN3,Schizophrenia
HIP1R,Schizophrenia
NRXN3,Schizophrenia
RYR3,Schizophrenia
ELAVL4,Schizophrenia
PDE4B,Schizophrenia
PPP2R2B,Schizophrenia
ADAM10,Schizophrenia
CORO7-PAM16,Schizophrenia
BAK1,Schizophrenia
PPARGC1A,Schizophrenia
SPHKAP,Schizophrenia
SLC38A8,Schizophrenia
ACADS,Schizophrenia
HSPB1,Schizophrenia
EEPD1,Schizophrenia
SIPA1L2,Schizophrenia
SPAG16,Schizophrenia
COL21A1,Schizophrenia
ETS2,Schizophrenia
PPP3R1,Schizophrenia
YWHAG,Schizophrenia
FAM184A,Schizophrenia
SP4,Schizophrenia
POP7,Schizophrenia
NGF,Schizophrenia
PSD3,Schizophrenia
PRDM14,Schizophrenia
KDM4C,Schizophrenia
GABBR2,Schizophrenia
RALGPS1,Schizophrenia
PRKG1,Schizophrenia
GNAT1,Schizophrenia
FHIT,Schizophrenia
FOXP1,Schizophrenia
KALRN,Schizophrenia
TNXB,Schizophrenia
HLA-DOB,Schizophrenia
HLA-DMB,Schizophrenia
CNTN2,Schizophrenia
ROBO1,Schizophrenia
LRRTM4,Schizophrenia
EPC2,Schizophrenia
CWC22,Schizophrenia
ZNF365,Schizophrenia
DLG2,Schizophrenia
TTC12,Schizophrenia
RBMS3,Schizophrenia
UFM1,Schizophrenia
RTN1,Schizophrenia
SH3RF1,Schizophrenia
TRIM27,Schizophrenia
HSPA1A,Schizophrenia
HLA-B,Schizophrenia
DDR1,Schizophrenia
HLA-DQB1,Schizophrenia
PSORS1C1,Schizophrenia
FLOT1,Schizophrenia
HFE,Schizophrenia
PPP1R10,Schizophrenia
PHACTR3,Schizophrenia
DCC,Schizophrenia
CXXC4,Schizophrenia
SYNGAP1,Schizophrenia
NOL4,Schizophrenia
SFXN5,Schizophrenia
STK19,Schizophrenia
ZNF311,Schizophrenia
OR12D3,Schizophrenia
ZKSCAN4,Schizophrenia
SLC17A4,Schizophrenia
LEMD2,Schizophrenia
LINC00634,Schizophrenia
ASPG,Schizophrenia
RD3L,Schizophrenia
TDRD9,Schizophrenia
TMEM243,Schizophrenia
ARHGAP1,Schizophrenia
ATG13,Schizophrenia
CKAP5,Schizophrenia
CREB3L1,Schizophrenia
F2,Schizophrenia
HARBI1,Schizophrenia
ZNF408,Schizophrenia
HSPE1-MOB4,Schizophrenia
MOB4,Schizophrenia
MGAT3,Schizophrenia
TAB1,Schizophrenia
RPS19BP1,Schizophrenia
HYKK,Schizophrenia
NDRG4,Schizophrenia
SETD6,Schizophrenia
ASH2L,Schizophrenia
FGFR1,Schizophrenia
STAR,Schizophrenia
ALPK3,Schizophrenia
NMB,Schizophrenia
SEC11A,Schizophrenia
WDR73,Schizophrenia
ZNF592,Schizophrenia
BRINP2,Schizophrenia
CHRNA2,Schizophrenia
PTK2B,Schizophrenia
ADM5,Schizophrenia
BCL2L12,Schizophrenia
CPT1C,Schizophrenia
IRF3,Schizophrenia
PRMT1,Schizophrenia
KMT2E,Schizophrenia
SPATA31D1,Schizophrenia
SOX5,Schizophrenia
MPP6,Schizophrenia
DUS2,Schizophrenia
CD14,Schizophrenia
DND1,Schizophrenia
HARS2,Schizophrenia
IK,Schizophrenia
PCDHA6,Schizophrenia
PCDHA9,Schizophrenia
RPEL1,Schizophrenia
FTCDNL1,Schizophrenia
BANK1,Schizophrenia
MECOM,Prostate cancer
DENND4B,Prostate cancer
BCL2L11,Prostate cancer
CDCA7,Prostate cancer
CASP8,Prostate cancer
MBNL1,Prostate cancer
COL23A1,Prostate cancer
ATAT1,Prostate cancer
HLA-DOA,Prostate cancer
UHRF1BP1,Prostate cancer
MAD1L1,Prostate cancer
ITGB8,Prostate cancer
SUGCT,Prostate cancer
HAUS6,Prostate cancer
TOR1A,Prostate cancer
LARP4B,Prostate cancer
RNLS,Prostate cancer
TCF7L2,Prostate cancer
MOB2,Prostate cancer
PPFIBP2,Prostate cancer
INCENP,Prostate cancer
KDM2A,Prostate cancer
ATM,Prostate cancer
PKNOX2,Prostate cancer
B3GAT1,Prostate cancer
CDKN1B,Prostate cancer
RASSF3,Prostate cancer
FBRSL1,Prostate cancer
MMP14,Prostate cancer
PAX9,Prostate cancer
RFX7,Prostate cancer
MAP2K1,Prostate cancer
CHD3,Prostate cancer
RNF43,Prostate cancer
MBD2,Prostate cancer
TCF4,Prostate cancer
BCL2,Prostate cancer
TSHZ1,Prostate cancer
MYO9B,Prostate cancer
POU2F2,Prostate cancer
DNMT3B,Prostate cancer
BCAS1,Prostate cancer
TTC28,Prostate cancer
DOCK2,Prostate cancer
GPRC6A,Prostate cancer
RFX6,Prostate cancer
MSMB,Prostate cancer
HNF1B,Prostate cancer
FOXP4,Prostate cancer
CEACAM21,Prostate cancer
TNRC6B,Prostate cancer
ITGA6,Prostate cancer
THADA,Prostate cancer
PDLIM5,Prostate cancer
TET2,Prostate cancer
IGF2,Prostate cancer
INS,Prostate cancer
TH,Prostate cancer
EHBP1,Prostate cancer
PKHD1,Prostate cancer
HAPLN1,Prostate cancer
CTDSPL,Prostate cancer
CTBP2,Prostate cancer
JAZF1,Prostate cancer
ZNF652,Prostate cancer
LMTK2,Prostate cancer
KLK3,Prostate cancer
SLC22A3,Prostate cancer
CNNM2,Prostate cancer
CUEDC2,Prostate cancer
CYP17A1,Prostate cancer
FBXL15,Prostate cancer
PSD,Prostate cancer
SFXN2,Prostate cancer
SUFU,Prostate cancer
ARL3,Prostate cancer
ACTR1A,Prostate cancer
AS3MT,Prostate cancer
TRIM8,Prostate cancer
WBP1L,Prostate cancer
C10orf95,Prostate cancer
MMP8,Prostate cancer
BIRC2,Prostate cancer
MMP10,Prostate cancer
MMP20,Prostate cancer
MMP27,Prostate cancer
MMP7,Prostate cancer
YAP1,Prostate cancer
BIRC3,Prostate cancer
TMEM123,Prostate cancer
GEMIN4,Prostate cancer
GLOD4,Prostate cancer
NXN,Prostate cancer
VPS53,Prostate cancer
HRH3,Prostate cancer
OSBPL2,Prostate cancer
RPS21,Prostate cancer
LAMA5,Prostate cancer
ADRM1,Prostate cancer
CABLES2,Prostate cancer
GATA5,Prostate cancer
CYS1,Prostate cancer
GRHL1,Prostate cancer
KLF11,Prostate cancer
RRM2,Prostate cancer
TAF1B,Prostate cancer
DTYMK,Prostate cancer
FARP2,Prostate cancer
HDLBP,Prostate cancer
STK25,Prostate cancer
THAP4,Prostate cancer
ANO7,Prostate cancer
ATG4B,Prostate cancer
BOK,Prostate cancer
ATP6V1A,Prostate cancer
BOC,Prostate cancer
NAA50,Prostate cancer
SIDT1,Prostate cancer
SPICE1,Prostate cancer
COX18,Prostate cancer
AFM,Prostate cancer
RASSF6,Prostate cancer
ALB,Prostate cancer
AFP,Prostate cancer
ANKRD17,Prostate cancer
BOD1,Prostate cancer
STC2,Prostate cancer
ARMC2,Prostate cancer
SESN1,Prostate cancer
CEP57L1,Prostate cancer
FOXO3,Prostate cancer
RGS17,Prostate cancer
FBXO5,Prostate cancer
MTRF1L,Prostate cancer
SP8,Prostate cancer
ABCB5,Prostate cancer
EBF2,Prostate cancer
TBX5,Prostate cancer
DDHD1,Prostate cancer
TXNDC16,Prostate cancer
FERMT2,Prostate cancer
GNPNAT1,Prostate cancer
GPR137C,Prostate cancer
PSMC6,Prostate cancer
STYX,Prostate cancer
RAD51B,Prostate cancer
ZFP36L1,Prostate cancer
ACTN1,Prostate cancer
NGFR,Prostate cancer
PHB,Prostate cancer
PHOSPHO1,Prostate cancer
HOXB13,Prostate cancer
SPOP,Prostate cancer
ABI3,Prostate cancer
B4GALNT2,Prostate cancer
GNGT2,Prostate cancer
IGF2BP1,Prostate cancer
SALL3,Prostate cancer
ATP9B,Prostate cancer
ADAM15,Prostate cancer
ADAR,Prostate cancer
CKS1B,Prostate cancer
DCST1,Prostate cancer
DCST2,Prostate cancer
EFNA3,Prostate cancer
EFNA4,Prostate cancer
FLAD1,Prostate cancer
KCNN3,Prostate cancer
LENEP,Prostate cancer
PBXIP1,Prostate cancer
DPM3,Prostate cancer
PYGO2,Prostate cancer
EFNA1,Prostate cancer
SHC1,Prostate cancer
SLC50A1,Prostate cancer
ZBTB7B,Prostate cancer
PMVK,Prostate cancer
LRRN2,Prostate cancer
PIK3C2B,Prostate cancer
MDM4,Prostate cancer
PPP1R15B,Prostate cancer
PLEKHA6,Prostate cancer
CYP21A2,Prostate cancer
FKBPL,Prostate cancer
ATF6B,Prostate cancer
AGER,Prostate cancer
PPT2,Prostate cancer
HLA-DRA,Prostate cancer
RNF5,Prostate cancer
CFB,Prostate cancer
TNXB,Prostate cancer
HLA-DQB1,Prostate cancer
NOTCH4,Prostate cancer
SKIV2L,Prostate cancer
STK19,Prostate cancer
GPSM3,Prostate cancer
PBX2,Prostate cancer
EGFL8,Prostate cancer
AGPAT1,Prostate cancer
C2,Prostate cancer
C4A,Prostate cancer
PRRT1,Prostate cancer
BTNL2,Prostate cancer
C4B,Prostate cancer
HLA-DRB5,Prostate cancer
HLA-DRB1,Prostate cancer
HLA-DQA1,Prostate cancer
STMN3,Prostate cancer
ZBTB46,Prostate cancer
ZGPAT,Prostate cancer
ABHD16B,Prostate cancer
ARFRP1,Prostate cancer
DNAJC5,Prostate cancer
EEF1A2,Prostate cancer
GMEB2,Prostate cancer
LIME1,Prostate cancer
PPDPF,Prostate cancer
PRPF6,Prostate cancer
PTK6,Prostate cancer
RTEL1,Prostate cancer
SAMD10,Prostate cancer
SRMS,Prostate cancer
TNFRSF6B,Prostate cancer
TPD52L2,Prostate cancer
UCKL1,Prostate cancer
SLC2A4RG,Prostate cancer
ZNF512B,Prostate cancer
MLPH,Prostate cancer
SLC22A1,Prostate cancer
BIK,Prostate cancer
KRT8,Prostate cancer
EIF4B,Prostate cancer
PKD1L3,Prostate cancer
CDKAL1,Prostate cancer
PARG,Prostate cancer
TIMM23,Prostate cancer
PRKCI,Prostate cancer
MYEOV,Prostate cancer
TERT,Prostate cancer
CLDN11,Prostate cancer
SKIL,Prostate cancer
GGCX,Prostate cancer
VAMP8,Prostate cancer
VAMP5,Prostate cancer
RNF181,Prostate cancer
ZBTB38,Prostate cancer
FGF10,Prostate cancer
CCHCR1,Prostate cancer
PRPH,Prostate cancer
KLF4,Prostate cancer
RAD23B,Prostate cancer
SLC22A2,Prostate cancer
ESR2,Prostate cancer
VGLL3,Prostate cancer
IRX4,Prostate cancer
NKX3-1,Prostate cancer
POU5F1B,Prostate cancer
KLF5,Prostate cancer
APOLD1,Prostate cancer
FGFR2,Prostate cancer
WDR11,Prostate cancer
KLK2,Prostate cancer
WDPCP,Prostate cancer
SUN2,Prostate cancer
SOX9,Prostate cancer
MYC,Prostate cancer
SLC41A1,Prostate cancer
MYO6,Prostate cancer
SIX1,Prostate cancer
PHLPP2,Prostate cancer
ADNP,Prostate cancer
TMPRSS2,Prostate cancer
TBX1,Prostate cancer
GOLPH3L,Prostate cancer
NOL10,Prostate cancer
NEDD9,Prostate cancer
TRIM31,Prostate cancer
TNS3,Prostate cancer
HTR3B,Prostate cancer
TTC9,Prostate cancer
PEX14,Prostate cancer
IRS2,Prostate cancer
CHEK2,Prostate cancer
TMEM17,Prostate cancer
GATA2,Prostate cancer
ZMIZ1,Prostate cancer
SLC52A3,Prostate cancer
FAM110A,Prostate cancer
ADAMTS7,Coronary artery disease
SORT1,Coronary artery disease
CDKN2A,Coronary artery disease
CDKN2B,Coronary artery disease
PLCB2,Coronary artery disease
VPS33B,Coronary artery disease
CXCL8,Coronary artery disease
TMOD4,Coronary artery disease
COL6A3,Coronary artery disease
ZNF77,Coronary artery disease
ADGRL3,Coronary artery disease
OR52E4,Coronary artery disease
ALDH2,Coronary artery disease
OSR1,Coronary artery disease
APOB,Coronary artery disease
FGD5,Coronary artery disease
TTC29,Coronary artery disease
EDNRA,Coronary artery disease
GFOD1,Coronary artery disease
MICB,Coronary artery disease
PBX2,Coronary artery disease
LPA,Coronary artery disease
FLT1,Coronary artery disease
COL4A1,Coronary artery disease
COL4A2,Coronary artery disease
HHIPL1,Coronary artery disease
LDLR,Coronary artery disease
DOCK6,Coronary artery disease
MYO9B,Coronary artery disease
CYP2B6,Coronary artery disease
CYP2A13,Coronary artery disease
LMOD1,Coronary artery disease
MIA3,Coronary artery disease
AGT,Coronary artery disease
CAPN9,Coronary artery disease
TDRD15,Coronary artery disease
ABCG8,Coronary artery disease
PRKCE,Coronary artery disease
TMEM17,Coronary artery disease
EHBP1,Coronary artery disease
ACTR2,Coronary artery disease
SPRED2,Coronary artery disease
SH2D6,Coronary artery disease
MERTK,Coronary artery disease
ARHGAP15,Coronary artery disease
FAP,Coronary artery disease
IFIH1,Coronary artery disease
FIGN,Coronary artery disease
GRB14,Coronary artery disease
CARF,Coronary artery disease
FN1,Coronary artery disease
TNS1,Coronary artery disease
PID1,Coronary artery disease
GIGYF2,Coronary artery disease
ARHGEF26,Coronary artery disease
CCNL1,Coronary artery disease
FNDC3B,Coronary artery disease
DOK7,Coronary artery disease
CLOCK,Coronary artery disease
REST,Coronary artery disease
PCSK9,Coronary artery disease
PLPP3,Coronary artery disease
SPINK2,Coronary artery disease
MAP9,Coronary artery disease
IRX1,Coronary artery disease
PHACTR1,Coronary artery disease
MUC22,Coronary artery disease
MRPL14,Coronary artery disease
CD109,Coronary artery disease
HDAC9,Coronary artery disease
TWIST1,Coronary artery disease
C8orf34,Coronary artery disease
ABCA1,Coronary artery disease
LIPA,Coronary artery disease
CNNM2,Coronary artery disease
BET1L,Coronary artery disease
SIPA1,Coronary artery disease
DYNC2H1,Coronary artery disease
YBX3,Coronary artery disease
ATP2B1,Coronary artery disease
FGD6,Coronary artery disease
ACAD10,Coronary artery disease
CHRNB4,Coronary artery disease
MFGE8,Coronary artery disease
ABHD2,Coronary artery disease
FES,Coronary artery disease
BCAR1,Coronary artery disease
CFDP1,Coronary artery disease
BCAS3,Coronary artery disease
PECAM1,Coronary artery disease
RNF213,Coronary artery disease
CTAGE1,Coronary artery disease
SPC24,Coronary artery disease
AP1M1,Coronary artery disease
KLF2,Coronary artery disease
TMEM91,Coronary artery disease
APOC1,Coronary artery disease
PALLD,Coronary artery disease
SORBS2,Coronary artery disease
TAS2R1,Coronary artery disease
ANKRD31,Coronary artery disease
HMGCR,Coronary artery disease
FGF1,Coronary artery disease
HDGFL1,Coronary artery disease
KCNK5,Coronary artery disease
VEGFA,Coronary artery disease
PRIM2,Coronary artery disease
IBTK,Coronary artery disease
ANKRD6,Coronary artery disease
TAB2,Coronary artery disease
PLG,Coronary artery disease
MAD1L1,Coronary artery disease
TMEM106B,Coronary artery disease
TBX20,Coronary artery disease
CCT6A,Coronary artery disease
DUS4L,Coronary artery disease
ZC3HC1,Coronary artery disease
TBXAS1,Coronary artery disease
ADAMTS3,Coronary artery disease
PRDM8,Coronary artery disease
FGF5,Coronary artery disease
COPS8,Coronary artery disease
BSN,Coronary artery disease
MITF,Coronary artery disease
UMPS,Coronary artery disease
MSL2,Coronary artery disease
PCCB,Coronary artery disease
MRAS,Coronary artery disease
TTC34,Coronary artery disease
ACTRT2,Coronary artery disease
SF3A3,Coronary artery disease
FHL3,Coronary artery disease
BSND,Coronary artery disease
CELSR2,Coronary artery disease
DCLRE1B,Coronary artery disease
NGF,Coronary artery disease
VANGL1,Coronary artery disease
LINGO4,Coronary artery disease
IL6R,Coronary artery disease
ATP1B1,Coronary artery disease
RASGEF1B,Coronary artery disease
HNRNPD,Coronary artery disease
BMPR1B,Coronary artery disease
MAD2L1,Coronary artery disease
ZNF827,Coronary artery disease
DAB1,Coronary artery disease
SCML4,Coronary artery disease
THSD7A,Coronary artery disease
SMARCA4,Coronary artery disease
KCNE2,Coronary artery disease
TCF21,Coronary artery disease
WDR12,Coronary artery disease
SMG6,Coronary artery disease
RASD1,Coronary artery disease
PEMT,Coronary artery disease
RAI1,Coronary artery disease
ABO,Coronary artery disease
LPL,Coronary artery disease
APOA1,Coronary artery disease
SH2B3,Coronary artery disease
NT5C2,Coronary artery disease
CYP17A1,Coronary artery disease
SLC22A3,Coronary artery disease
CXCL12,Coronary artery disease
ANKS1A,Coronary artery disease
PLCL1,Coronary artery disease
KCNAB1,Coronary artery disease
DCLK2,Coronary artery disease
ITGA1,Coronary artery disease
TRPA1,Coronary artery disease
PDGFD,Coronary artery disease
APOE,Coronary artery disease
VAMP5,Coronary artery disease
VAMP8,Coronary artery disease
GGCX,Coronary artery disease
ZEB2,Coronary artery disease
FURIN,Coronary artery disease
TRIB1,Coronary artery disease
NOA1,Coronary artery disease
NOS3,Coronary artery disease
SMAD3,Coronary artery disease
PMAIP1,Coronary artery disease
MC4R,Coronary artery disease
ADORA2A,Coronary artery disease
ZNF507,Coronary artery disease
KSR2,Coronary artery disease
SWAP70,Coronary artery disease
NPC1,Coronary artery disease
MYH11,Coronary artery disease
ST3GAL4,Coronary artery disease
ARL15,Coronary artery disease
NFIB,Coronary artery disease
MAST4,Coronary artery disease
HSF2BP,Coronary artery disease
SCAF11,Coronary artery disease
OSM,Coronary artery disease
PRDM6,Coronary artery disease
CCM2,Coronary artery disease
BMP1,Coronary artery disease
SFTPC,Coronary artery disease
MCF2L,Coronary artery disease
PTK7,Coronary artery disease
C2,Coronary artery disease
NME7,Coronary artery disease
PLCG2,Coronary artery disease
TRIM5,Coronary artery disease
TRIM22,Coronary artery disease
SEMA5A,Coronary artery disease
MAP1S,Coronary artery disease
PGPEP1,Coronary artery disease
ELL,Coronary artery disease
GPR149,Coronary artery disease
BUD13,Coronary artery disease
ZPR1,Coronary artery disease
STAG1,Coronary artery disease
CYP46A1,Coronary artery disease
EML1,Coronary artery disease
GIP,Coronary artery disease
B4GALNT2,Coronary artery disease
PHB,Coronary artery disease
CDH13,Coronary artery disease
CCDC97,Coronary artery disease
B9D2,Coronary artery disease
TGFB1,Coronary artery disease
CALCRL,Coronary artery disease
NAT2,Coronary artery disease
MAP3K7CL,Coronary artery disease
AKAP12,Coronary artery disease
EFCAB13,Coronary artery disease
CETP,Coronary artery disease
HERPUD1,Coronary artery disease
PRDM16,Coronary artery disease
SERPINA1,Coronary artery disease
C1S,Coronary artery disease
C5,Coronary artery disease
GDPD5,Coronary artery disease
SERPINH1,Coronary artery disease
DHX58,Coronary artery disease
KAT2A,Coronary artery disease
IFI35,Coronary artery disease
RND2,Coronary artery disease
VAT1,Coronary artery disease
ANKRD13B,Coronary artery disease
CORO6,Coronary artery disease
SHROOM3,Coronary artery disease
CENPW,Coronary artery disease
PDS5B,Coronary artery disease
ARHGAP42,Coronary artery disease
HTRA1,Coronary artery disease
PKD1L3,Coronary artery disease
TDRKH,Coronary artery disease
QRICH1,Coronary artery disease
ANGPTL4,Coronary artery disease
HNRNPM,Coronary artery disease
PRAM1,Coronary artery disease
UHRF1BP1,Coronary artery disease
TSPAN14,Coronary artery disease
GGT7,Coronary artery disease
HGFAC,Coronary artery disease
BCAP29,Coronary artery disease
SOX6,Coronary artery disease
PLEKHA7,Coronary artery disease
FOXC1,Coronary artery disease
GMDS,Coronary artery disease
GALNT2,Coronary artery disease
CDKN1A,Coronary artery disease
VWDE,Coronary artery disease
ZFPM2,Coronary artery disease
DAGLB,Coronary artery disease
RAC1,Coronary artery disease
C1GALT1,Coronary artery disease
SKI,Coronary artery disease
MORN1,Coronary artery disease
AHDC1,Coronary artery disease
PKD2L1,Coronary artery disease
ETV1,Coronary artery disease
ZBTB46,Coronary artery disease
PPFIA1,Coronary artery disease
CKB,Coronary artery disease
MARK3,Coronary artery disease
EXOC6,Coronary artery disease
PLCE1,Coronary artery disease
SMAD9,Coronary artery disease
DOCK5,Coronary artery disease
HIVEP2,Coronary artery disease
DDX41,Coronary artery disease
DOK3,Coronary artery disease
PDLIM7,Coronary artery disease
SLC9A8,Coronary artery disease
SPATA2,Coronary artery disease
GUK1,Coronary artery disease
VPS11,Coronary artery disease
LOXL1,Coronary artery disease
BTBD11,Coronary artery disease
IFT140,Coronary artery disease
TMEM204,Coronary artery disease
CSNK1G2,Coronary artery disease
PARP1,Coronary artery disease
SLC25A21,Coronary artery disease
EHBP1L1,Coronary artery disease
FAM89B,Coronary artery disease
DPYD,Coronary artery disease
RSBN1,Coronary artery disease
IGF2BP2,Coronary artery disease
FNDC1,Coronary artery disease
XKR4,Coronary artery disease
LYRM2,Coronary artery disease
MDN1,Coronary artery disease
USP43,Coronary artery disease
ARHGEF12,Coronary artery disease
FBXL20,Coronary artery disease
ZNF787,Coronary artery disease
ARHGAP26,Coronary artery disease
HNF1A,Coronary artery disease
THADA,Coronary artery disease
ABCG5,Coronary artery disease
SCARB1,Coronary artery disease
ATXN2,Coronary artery disease
AIDA,Coronary artery disease
SLC2A12,Coronary artery disease
NBEAL1,Coronary artery disease
TOMM40,Coronary artery disease
EXOC3L2,Coronary artery disease
EPOR,Coronary artery disease
RGL3,Coronary artery disease
SWSAP1,Coronary artery disease
PSRC1,Coronary artery disease
EDN1,Coronary artery disease
DNAJC13,Coronary artery disease
HSPB9,Coronary artery disease
RAB5C,Coronary artery disease
SLC22A4,Coronary artery disease
ZHX3,Coronary artery disease
ARID4A,Coronary artery disease
HSD17B12,Coronary artery disease
UNC5C,Coronary artery disease
PLEKHG1,Coronary artery disease
PARP12,Coronary artery disease
GEM,Coronary artery disease
TTC39B,Coronary artery disease
TEK,Coronary artery disease
ANP32B,Coronary artery disease
SVEP1,Coronary artery disease
DAB2IP,Coronary artery disease
FHL5,Coronary artery disease
IGF2R,Coronary artery disease
CNPY4,Coronary artery disease
MBLAC1,Coronary artery disease
TAF6,Coronary artery disease
ASZ1,Coronary artery disease
MAP3K11,Coronary artery disease
CWF19L2,Coronary artery disease
TSPAN9,Coronary artery disease
PPHLN1,Coronary artery disease
LRP1,Coronary artery disease
NDUFA12,Coronary artery disease
CCDC92,Coronary artery disease
DNAH10,Coronary artery disease
N4BP2L2,Coronary artery disease
PCIF1,Coronary artery disease
ZNF335,Coronary artery disease
CDC25A,Coronary artery disease
RBPMS2,Coronary artery disease
FKBP5,Coronary artery disease
DDX59,Coronary artery disease
MAT2A,Coronary artery disease
DHX38,Coronary artery disease
TXNL4B,Coronary artery disease
CLCN6,Coronary artery disease
MTHFR,Coronary artery disease
LDLRAD2,Coronary artery disease
PKN2,Coronary artery disease
ADAMTSL4,Coronary artery disease
MCL1,Coronary artery disease
ATF3,Coronary artery disease
GOSR2,Coronary artery disease
APOA5,Coronary artery disease
ZNF652,Coronary artery disease
AS3MT,Coronary artery disease
PROCR,Coronary artery disease
ARNTL,Coronary artery disease
NEK9,Coronary artery disease
MAP3K1,Coronary artery disease
SETD9,Coronary artery disease
SRFBP1,Coronary artery disease
CEP120,Coronary artery disease
NEDD9,Coronary artery disease
CFB,Coronary artery disease
NELFE,Coronary artery disease
SKIV2L,Coronary artery disease
ABCC10,Coronary artery disease
ADCY3,Coronary artery disease
CENPO,Coronary artery disease
DYNC2LI1,Coronary artery disease
PLEKHH2,Coronary artery disease
MPHOSPH10,Coronary artery disease
IL1F10,Coronary artery disease
SFT2D3,Coronary artery disease
WDR33,Coronary artery disease
KCNH7,Coronary artery disease
COL4A4,Coronary artery disease
KCNJ13,Coronary artery disease
AMT,Coronary artery disease
RHOA,Coronary artery disease
TCTA,Coronary artery disease
RGS12,Coronary artery disease
POLR2B,Coronary artery disease
PDLIM5,Coronary artery disease
TBX2,Coronary artery disease
APOH,Coronary artery disease
ABCA8,Coronary artery disease
CD300LF,Coronary artery disease
RAB37,Coronary artery disease
FBF1,Coronary artery disease
LIPG,Coronary artery disease
KANK2,Coronary artery disease
FCHO1,Coronary artery disease
FOXA3,Coronary artery disease
SYMPK,Coronary artery disease
PRKD2,Coronary artery disease
DSTN,Coronary artery disease
RRBP1,Coronary artery disease
NCOA6,Coronary artery disease
ITPKA,Coronary artery disease
RTF1,Coronary artery disease
STOML1,Coronary artery disease
AKAP13,Coronary artery disease
KIAA1217,Coronary artery disease
NRP1,Coronary artery disease
PRKG1,Coronary artery disease
TCF7L2,Coronary artery disease
DENND5A,Coronary artery disease
BDNF,Coronary artery disease
RRP1B,Coronary artery disease
CABIN1,Coronary artery disease
SUSD2,Coronary artery disease
SPECC1L,Coronary artery disease
APOA4,Coronary artery disease
RAB23,Coronary artery disease
SLC18A1,Coronary artery disease
TRPM3,Coronary artery disease
JCAD,Coronary artery disease
NAA25,Coronary artery disease
MORF4L1,Coronary artery disease
CCDC68,Coronary artery disease
C11orf58,Coronary artery disease
WT1,Coronary artery disease
LRRC10B,Coronary artery disease
R3HDM2,Coronary artery disease
KCTD10,Coronary artery disease
PSD3,Coronary artery disease
CDH17,Coronary artery disease
NCALD,Coronary artery disease
KLF4,Coronary artery disease
ACTL7B,Coronary artery disease
CDC123,Coronary artery disease
OIT3,Coronary artery disease
SIRT3,Coronary artery disease
FARP1,Coronary artery disease
EIF2B2,Coronary artery disease
TLNRD1,Coronary artery disease
CFAP161,Coronary artery disease
HPR,Coronary artery disease
FOXL1,Coronary artery disease
COPRS,Coronary artery disease
WNT9B,Coronary artery disease
MBTD1,Coronary artery disease
PRKAR1A,Coronary artery disease
SMAD7,Coronary artery disease
DYM,Coronary artery disease
MMP24,Coronary artery disease
MMP9,Coronary artery disease
PREX1,Coronary artery disease
ZNF831,Coronary artery disease
RGS19,Coronary artery disease
CASTOR1,Coronary artery disease
CTSS,Coronary artery disease
TTC32,Coronary artery disease
LDAH,Coronary artery disease
MREG,Coronary artery disease
EFHD1,Coronary artery disease
PDE5A,Coronary artery disease
NRSN1,Coronary artery disease
TNXB,Coronary artery disease
ATF6B,Coronary artery disease
SAYSD1,Coronary artery disease
ZNF32,Coronary artery disease
WBP1L,Coronary artery disease
WDR11,Coronary artery disease
FGFR2,Coronary artery disease
RASSF10,Coronary artery disease
RDX,Coronary artery disease
FDX1,Coronary artery disease
HOXC4,Coronary artery disease
SMUG1,Coronary artery disease
KLHL29,Coronary artery disease
ARHGAP20,Coronary artery disease
NR2C1,Coronary artery disease
CUX2,Coronary artery disease
UBE3B,Coronary artery disease
RPH3A,Coronary artery disease
TMED10,Coronary artery disease
BLM,Coronary artery disease
SLC5A3,Coronary artery disease
LOX,Coronary artery disease
ITGB5,Coronary artery disease
RAD50,Asthma
SCG3,Asthma
PDE4D,Asthma
IL13,Asthma
IL18R1,Asthma
IL33,Asthma
GSDMA,Asthma
IL2RB,Asthma
SMAD3,Asthma
GSDMB,Asthma
SLC22A5,Asthma
RORA,Asthma
CRB1,Asthma
DENND1B,Asthma
ORMDL3,Asthma
IL1RL1,Asthma
HLA-DRA,Asthma
BTNL2,Asthma
NDFIP1,Asthma
ACO1,Asthma
ZNF665,Asthma
IL1R1,Asthma
SLC30A8,Asthma
GAB1,Asthma
TSLP,Asthma
PBX2,Asthma
NOTCH4,Asthma
IKZF4,Asthma
CDK2,Asthma
HLA-DQB1,Asthma
HLA-DQA2,Asthma
HLA-DOA,Asthma
PCDH20,Asthma
PRKG1,Asthma
IL6R,Asthma
LRRC32,Asthma
HLA-DQA1,Asthma
CRCT1,Asthma
C11orf71,Asthma
PYHIN1,Asthma
ZPBP2,Asthma
HLA-DRB5,Asthma
RANBP6,Asthma
SLC25A46,Asthma
IL1RL2,Asthma
HLA-C,Asthma
MICA,Asthma
D2HGDH,Asthma
CLEC16A,Asthma
B4GALT3,Asthma
ADAMTS4,Asthma
GATA3,Asthma
TPD52,Asthma
ZBTB10,Asthma
TLR1,Asthma
BACH2,Asthma
STAT6,Asthma
LRP1,Asthma
LPP,Asthma
ADORA1,Asthma
ID2,Asthma
CD247,Asthma
RAD51B,Asthma
CDHR3,Asthma
TNFSF18,Asthma
TNFSF4,Asthma
PEX14,Asthma
MYC,Asthma
TGFBR1,Asthma
TNFSF15,Asthma
TRAF1,Asthma
NEK6,Asthma
ZDHHC12,Asthma
ARRDC1,Asthma
IL2RA,Asthma
ZNF365,Asthma
KIF11,Asthma
MUC2,Asthma
PRR5L,Asthma
FADS2,Asthma
OVOL1,Asthma
SIK2,Asthma
CXCR5,Asthma
ETS1,Asthma
HDAC7,Asthma
TESPA1,Asthma
TBL1XR1,Asthma
NRROS,Asthma
ADAD1,Asthma
OTULINL,Asthma
TNFAIP8,Asthma
RAPGEF6,Asthma
CYFIP2,Asthma
SLU7,Asthma
ATP10B,Asthma
SLC34A1,Asthma
MYLK4,Asthma
HIVEP1,Asthma
MBOAT1,Asthma
BTN3A2,Asthma
TRIM27,Asthma
RING1,Asthma
ATG5,Asthma
SESN1,Asthma
PTPRK,Asthma
AHI1,Asthma
TNFAIP3,Asthma
HIVEP2,Asthma
ZC3H12D,Asthma
SCAF8,Asthma
ABCB5,Asthma
IL6,Asthma
JAZF1,Asthma
IKZF1,Asthma
GSAP,Asthma
MAF1,Asthma
SHARPIN,Asthma
COL15A1,Asthma
SCUBE3,Asthma
KYNU,Asthma
DPP4,Asthma
CCL20,Asthma
RAF1,Asthma
PLCL2,Asthma
GLB1,Asthma
DCAF1,Asthma
RYBP,Asthma
CD200R1,Asthma
CD80,Asthma
ZBTB38,Asthma
IL7R,Asthma
PTCD2,Asthma
ABO,Asthma
EYA2,Asthma
RTEL1,Asthma
RUNX1,Asthma
PCP4,Asthma
UBASH3A,Asthma
MAP3K8,Asthma
RASGEF1A,Asthma
FUT11,Asthma
WBP1L,Asthma
MUC16,Asthma
MYO9B,Asthma
SLC7A10,Asthma
BCL3,Asthma
FOXA3,Asthma
NFATC2,Asthma
ZNF217,Asthma
NCF4,Asthma
PHF5A,Asthma
RERE,Asthma
TNFRSF8,Asthma
RUNX3,Asthma
COL16A1,Asthma
ADAMTSL4,Asthma
FLG,Asthma
CADM3,Asthma
FCER1G,Asthma
PTPRC,Asthma
SRGAP2,Asthma
BATF3,Asthma
ITPKB,Asthma
LBH,Asthma
DYSF,Asthma
TSPAN8,Asthma
PLXNC1,Asthma
BRAP,Asthma
SPPL3,Asthma
COG6,Asthma
KLF12,Asthma
UBAC2,Asthma
NFKBIA,Asthma
TRAF3,Asthma
ITPKA,Asthma
ADAMTSL3,Asthma
IL4R,Asthma
NOD2,Asthma
MAP2K4,Asthma
STAT5B,Asthma
SPATA32,Asthma
OSBPL7,Asthma
SOCS3,Asthma
SMAD7,Asthma
POLI,Asthma
TNFRSF11A,Asthma
SERPINB7,Asthma
GNA15,Asthma
MPND,Asthma
CD70,Asthma
ACO2,Asthma
RTF1,Asthma
PRDM11,Asthma
FADS1,Asthma
AQP5,Asthma
SUOX,Asthma
ZNF652,Asthma
PHB,Asthma
SMAD4,Asthma
PRKCH,Asthma
RIN3,Asthma
RCOR1,Asthma
FURIN,Asthma
TRAP1,Asthma
CCL22,Asthma
SPEM2,Asthma
ATP6V0A1,Asthma
NAGLU,Asthma
ATXN2,Asthma
UNC13D,Asthma
PITPNM2,Asthma
TM9SF2,Asthma
KLF2,Asthma
FPR3,Asthma
BCL2L11,Asthma
ITGAV,Asthma
AP1S3,Asthma
UBE2E2,Asthma
PAPOLG,Asthma
CEP85,Asthma
PLCL1,Asthma
DOCK3,Asthma
ARHGEF3,Asthma
FOXP1,Asthma
SENP7,Asthma
EEFSEC,Asthma
MECOM,Asthma
NDUFS2,Asthma
BOLL,Asthma
TLR10,Asthma
IL2,Asthma
MAP3K14,Asthma
TNFRSF6B,Asthma
TOB2,Asthma
ADAMTS9,Asthma
NUF2,Asthma
PBX1,Asthma
GLT1D1,Asthma
TMEM132D,Asthma
NEGR1,Asthma
LRRIQ3,Asthma
ITSN2,Asthma
NCOA1,Asthma
ARPP21,Asthma
STAC,Asthma
ARHGAP5,Asthma
AKAP6,Asthma
ARID4B,Asthma
RBM34,Asthma
GGPS1,Asthma
ERBB2,Asthma
PGAP3,Asthma
MIEN1,Asthma
IL4,Asthma
VPS13C,Asthma
GJA10,Asthma
MAP3K7,Asthma
CELF2,Asthma
DEXI,Asthma
SOCS1,Asthma
NAB2,Asthma
SPRY4,Asthma
GPX5,Asthma
THRB,Asthma
NR1D2,Asthma
RARB,Asthma
MICB,Asthma
MCCD1,Asthma
EMSY,Asthma
SMAD6,Asthma
AAGAB,Asthma
HLA-DRB1,Asthma
NNMT,Asthma
SEMG2,Asthma
GLI3,Asthma
INHBA,Asthma
C7orf25,Asthma
TMEM9,Asthma
IGFN1,Asthma
BMPER,Asthma
BBS9,Asthma
NPSR1,Asthma
ARHGAP42,Asthma
CNTN5,Asthma
C20orf194,Asthma
SLC4A11,Asthma
ATRN,Asthma
TRPS1,Asthma
EIF3H,Asthma
TMPRSS15,Asthma
NCAM2,Asthma
TNFRSF11B,Asthma
SAMD12,Asthma
COLEC10,Asthma
GDNF,Asthma
EGFLAM,Asthma
IFI44,Asthma
CFHR2,Asthma
CFHR5,Asthma
GNPDA1,Asthma
IRF1,Asthma
GRB7,Asthma
IKZF3,Asthma
FER,Asthma
ZBTB39,Asthma
FBXO11,Asthma
TRPM8,Asthma
GRID1,Asthma
SGCG,Asthma
PDGFRA,Asthma
MAGI1,Asthma
ETV6,Asthma
CDCA7,Asthma
A4GALT,Asthma
SARDH,Asthma
SLC8A1,Asthma
BCR,Asthma
MPPED2,Asthma
KIF16B,Asthma
WDR72,Asthma
ERCC4,Asthma
CLSTN2,Asthma
GRM3,Asthma
GRIN3A,Asthma
CDK5RAP2,Asthma
CSMD3,Asthma
FLRT2,Asthma
PDS5B,Asthma
SLC24A2,Asthma
PREP,Asthma
BAX,Asthma
COPS8,Asthma
LHPP,Asthma
CYTH3,Asthma
SAMD5,Asthma
PTGES,Asthma
MOB3B,Asthma
EQTN,Asthma
TEK,Asthma
GRM4,Asthma
JMJD1C,Asthma
REEP3,Asthma
P4HA2,Asthma
PDLIM4,Asthma
SLC22A4,Asthma
RORC,Asthma
RPTN,Asthma
S100A10,Asthma
S100A11,Asthma
TCHH,Asthma
TCHHL1,Asthma
THEM4,Asthma
THEM5,Asthma
C1orf68,Asthma
C2CD4D,Asthma
CRNN,Asthma
FLG2,Asthma
HRNR,Asthma
KPRP,Asthma
LCE1C,Asthma
LCE1D,Asthma
LCE1E,Asthma
LCE1F,Asthma
LCE2A,Asthma
LCE2B,Asthma
LCE2C,Asthma
LCE2D,Asthma
LCE3A,Asthma
LCE3B,Asthma
LCE3C,Asthma
LCE3D,Asthma
LCE3E,Asthma
LCE4A,Asthma
LCE5A,Asthma
IL18RAP,Asthma
SLC9A2,Asthma
SLC9A4,Asthma
HLA-DPA1,Asthma
HLA-DPB1,Asthma
GPR182,Asthma
HSD17B6,Asthma
MYO1A,Asthma
NACA,Asthma
PRIM1,Asthma
PTGES3,Asthma
RDH16,Asthma
SDR9C7,Asthma
TAC3,Asthma
ABHD16A,Asthma
AIF1,Asthma
APOM,Asthma
ATP6V1G2,Asthma
BAG6,Asthma
C6orf47,Asthma
CCHCR1,Asthma
CLIC1,Asthma
CSNK2B,Asthma
DDAH2,Asthma
DDX39B,Asthma
GPANK1,Asthma
HLA-B,Asthma
LST1,Asthma
LTA,Asthma
LTB,Asthma
LY6G5B,Asthma
LY6G5C,Asthma
LY6G6C,Asthma
LY6G6D,Asthma
LY6G6E,Asthma
LY6G6F,Asthma
MSH5,Asthma
NCR3,Asthma
NFKBIL1,Asthma
POU5F1,Asthma
PRRC2A,Asthma
PSORS1C1,Asthma
PSORS1C2,Asthma
SAPCD1,Asthma
TCF19,Asthma
TNF,Asthma
VWA7,Asthma
LINGO4,Asthma
MRPL9,Asthma
OAZ3,Asthma
RIIAD1,Asthma
TDRKH,Asthma
OR2B3,Asthma
OR2H1,Asthma
OR2J2,Asthma
OR2J3,Asthma
OR2W1,Asthma
OR5V1,Asthma
OR10C1,Asthma
OR11A1,Asthma
OR12D2,Asthma
OR12D3,Asthma
OR14J1,Asthma
ZNF311,Asthma
LCE1A,Asthma
LCE1B,Asthma
LCE6A,Asthma
CAMK4,Asthma
WDR36,Asthma
EFCAB13,Asthma
KPNB1,Asthma
LRRC46,Asthma
MRPL10,Asthma
NPEPPS,Asthma
SCRN2,Asthma
SP6,Asthma
TBKBP1,Asthma
TBX21,Asthma
KIAA1109,Asthma
ERMP1,Asthma
KIAA2026,Asthma
MLANA,Asthma
KDM8,Asthma
NSMCE1,Asthma
RBM17,Asthma
ERBB3,Asthma
ESYT1,Asthma
MYL6,Asthma
MYL6B,Asthma
PA2G4,Asthma
PMEL,Asthma
RAB5B,Asthma
RNF41,Asthma
RPL41,Asthma
RPS26,Asthma
SMARCC2,Asthma
ZC3H10,Asthma
ABI3,Asthma
GNGT2,Asthma
PHOSPHO1,Asthma
TMEM232,Asthma
IL21,Asthma
GLDC,Asthma
TPD52L3,Asthma
UHRF2,Asthma
UVRAG,Asthma
WNT11,Asthma
CASC3,Asthma
CDC6,Asthma
CSF3,Asthma
MED24,Asthma
MSL1,Asthma
NR1D1,Asthma
PSMD3,Asthma
RAPGEFL1,Asthma
RARA,Asthma
THRA,Asthma
WIPF2,Asthma
ARL5C,Asthma
CACNB1,Asthma
CDK12,Asthma
FBXL20,Asthma
MED1,Asthma
NEUROD2,Asthma
PLXDC1,Asthma
PNMT,Asthma
PPP1R1B,Asthma
RPL19,Asthma
STAC2,Asthma
STARD3,Asthma
TCAP,Asthma
IVL,Asthma
LELP1,Asthma
PGLYRP3,Asthma
PGLYRP4,Asthma
PRR9,Asthma
S100A7A,Asthma
S100A7L2,Asthma
S100A8,Asthma
S100A9,Asthma
S100A12,Asthma
SMCP,Asthma
SPRR1A,Asthma
SPRR1B,Asthma
SPRR2A,Asthma
SPRR2B,Asthma
SPRR2D,Asthma
SPRR2E,Asthma
SPRR2F,Asthma
SPRR2G,Asthma
SPRR3,Asthma
SPRR4,Asthma
CCNI2,Asthma
KIF3A,Asthma
BRD2,Asthma
HLA-DMA,Asthma
HLA-DMB,Asthma
HLA-DOB,Asthma
HLA-DQB2,Asthma
PSMB8,Asthma
PSMB9,Asthma
TAP1,Asthma
TAP2,Asthma
HMSD,Asthma
SERPINB2,Asthma
SERPINB10,Asthma
IL5,Asthma
THEMIS,Asthma
OTULIN,Asthma
GPR18,Asthma
GPR183,Asthma
ITGB8,Asthma
CRTAP,Asthma
SUSD5,Asthma
TMPPE,Asthma
CIITA,Asthma
IL1R2,Asthma
MAP4K4,Asthma
GAL3ST2,Asthma
LRRC3C,Asthma
AGER,Asthma
AGPAT1,Asthma
EGFL8,Asthma
GPSM3,Asthma
RNF5,Asthma
C2,Asthma
C4A,Asthma
C4B,Asthma
CFB,Asthma
CYP21A2,Asthma
DXO,Asthma
EHMT2,Asthma
HSPA1A,Asthma
HSPA1B,Asthma
HSPA1L,Asthma
LSM2,Asthma
NELFE,Asthma
NEU1,Asthma
SKIV2L,Asthma
SLC44A4,Asthma
STK19,Asthma
TNXB,Asthma
ZBTB12,Asthma
CAPSL,Asthma
UGT3A1,Asthma
KRT24,Asthma
KRT222,Asthma
SMARCE1,Asthma
AFF4,Asthma
GDF9,Asthma
LEAP2,Asthma
SHROOM1,Asthma
SOWAHA,Asthma
UQCRQ,Asthma
ACBD4,Asthma
C1QL1,Asthma
CCDC103,Asthma
DCAKD,Asthma
EFTUD2,Asthma
FMNL1,Asthma
GFAP,Asthma
HEXIM1,Asthma
HEXIM2,Asthma
KIF18B,Asthma
NMT1,Asthma
PLCD3,Asthma
DDX6,Asthma
IQCH,Asthma
ANKRD16,Asthma
IL15RA,Asthma
PFKFB3,Asthma
INHBC,Asthma
NDUFA4L2,Asthma
NXPH4,Asthma
R3HDM2,Asthma
SHMT2,Asthma
STAC3,Asthma
AP5B1,Asthma
KAT5,Asthma
RELA,Asthma
RNASEH2C,Asthma
SIPA1,Asthma
POU2F1,Asthma
HHEX,Asthma
IDE,Asthma
ARFRP1,Asthma
LIME1,Asthma
SLC2A4RG,Asthma
ZBTB46,Asthma
ZGPAT,Asthma
FEN1,Asthma
MYRF,Asthma
TMEM258,Asthma
PPP2R1B,Asthma
TIAM2,Asthma
PKN3,Asthma
ADAMTS10,Asthma
ACTL9,Asthma
OR1M1,Asthma
CEBPA,Asthma
TSHZ2,Asthma
COL11A2,Asthma
TCP11,Asthma
OLIG3,Asthma
TOMM7,Asthma
POU5F1B,Asthma
DMRTA1,Asthma
ELAVL2,Asthma
PRKCQ,Asthma
MUC5B,Asthma
LAYN,Asthma
INSM2,Asthma
CCR7,Asthma
KRT25,Asthma
ARHGAP27,Asthma
MEX3C,Asthma
SLC19A3,Asthma
ILDR1,Asthma
TFRC,Asthma
FBXO45,Asthma
CEP19,Asthma
RFC1,Asthma
KLB,Asthma
ENO1,Asthma
SPSB1,Asthma
FASLG,Asthma
MYOG,Asthma
ANAPC1,Asthma
TAF3,Asthma
IL21R,Asthma
GTF3C1,Asthma
STARD4,Asthma
SP8,Asthma
ZFP36L1,Asthma
ZFYVE26,Asthma
ACTN1,Asthma
WDR53,Asthma
PIGX,Asthma
PAK2,Asthma
MYBPH,Asthma
CHI3L1,Asthma
PPFIA4,Asthma
CHIT1,Asthma
SYMPK,Asthma
IRF2BP1,Asthma
MYPOP,Asthma
NANOS2,Asthma
RSPH6A,Asthma
CREG1,Asthma
RCSD1,Asthma
KRT26,Asthma
KRT27,Asthma
MACC1,Asthma
CLIC6,Asthma
TNS4,Asthma
FNDC9,Asthma
ITK,Asthma
NIPAL4,Asthma
ADAM19,Asthma
GNA11,Asthma
S1PR4,Asthma
NCLN,Asthma
C15orf61,Asthma
TNFRSF1B,Asthma
MIIP,Asthma
LRP3,Asthma
WDR88,Asthma
ALG2,Asthma
SEC61B,Asthma
GALNT12,Asthma
NEMP1,Asthma
ING5,Asthma
NEU4,Asthma
DTYMK,Asthma
ATG4B,Asthma
TNP2,Asthma
PRM3,Asthma
PRM2,Asthma
PRM1,Asthma
ICE2,Asthma
ANXA2,Asthma
FOXB1,Asthma
BCL6,Asthma
RTP2,Asthma
CASP8AP2,Asthma
MDN1,Asthma
MAP2K5,Asthma
ZNF704,Asthma
MRPS28,Asthma
TLR6,Asthma
FAM114A1,Asthma
KLF3,Asthma
ATP6V1G3,Asthma
BCL9L,Asthma
UPK2,Asthma
FOXR1,Asthma
FOSL1,Asthma
CCDC85B,Asthma
FIBP,Asthma
CTSW,Asthma
C11orf68,Asthma
DRAP1,Asthma
MUC5AC,Asthma
MUC6,Asthma
AP2A2,Asthma
ANKH,Asthma
TRIO,Asthma
BBS12,Asthma
FAM126A,Asthma
ADGRB2,Asthma
PEF1,Asthma
HCRTR1,Asthma
SPOCD1,Asthma
TNK2,Asthma
RNF14,Asthma
PCDH12,Asthma
WDR97,Asthma
CYC1,Asthma
GPAA1,Asthma
EXOSC4,Asthma
NPNT,Asthma
GSTCD,Asthma
TBCK,Asthma
INTS12,Asthma
C16orf82,Asthma
CCR4,Asthma
TRIM71,Asthma
HSD17B4,Asthma
DMXL1,Asthma
FAM170A,Asthma
DTWD2,Asthma
TRPC3,Asthma
BBS7,Asthma
THAP12,Asthma
TSKU,Asthma
KIN,Asthma
DAW1,Asthma
SPHKAP,Asthma
AGFG1,Asthma
CEP83,Asthma
CRADD,Asthma
TMCC3,Asthma
C6orf58,Asthma
SOGA3,Asthma
KIAA0408,Asthma
CREB5,Asthma
TAX1BP1,Asthma
HIBADH,Asthma
TPRG1,Asthma
TRAK2,Breast cancer
SIAH2,Breast cancer
FGF10,Breast cancer
MRPS30,Breast cancer
MAP3K1,Breast cancer
CCDC170,Breast cancer
ESR1,Breast cancer
FGFR2,Breast cancer
PTHLH,Breast cancer
TOX3,Breast cancer
SYT14,Breast cancer
SNRNP27,Breast cancer
ALCAM,Breast cancer
MIER3,Breast cancer
LMX1B,Breast cancer
BCAT1,Breast cancer
FAR2,Breast cancer
CYP19A1,Breast cancer
SETBP1,Breast cancer
CLIC6,Breast cancer
RUNX1,Breast cancer
GLG1,Breast cancer
ECHDC1,Breast cancer
RNF146,Breast cancer
TNIP3,Breast cancer
SLC45A1,Breast cancer
ZNF365,Breast cancer
LSP1,Breast cancer
SLC4A7,Breast cancer
CDKN2A,Breast cancer
CDKN2B,Breast cancer
ZMIZ1,Breast cancer
ANKRD16,Breast cancer
FGF3,Breast cancer
MYEOV,Breast cancer
CCND1,Breast cancer
FGF19,Breast cancer
FGF4,Breast cancer
KLF4,Breast cancer
ACTL7A,Breast cancer
RAD23B,Breast cancer
FBN1,Breast cancer
COL1A1,Breast cancer
GRIK1,Breast cancer
ABCC4,Breast cancer
ERBB4,Breast cancer
TERT,Breast cancer
PEX14,Breast cancer
EBF1,Breast cancer
NTN4,Breast cancer
BRCA2,Breast cancer
N4BP2L1,Breast cancer
FTO,Breast cancer
LRRN2,Breast cancer
PIK3C2B,Breast cancer
MDM4,Breast cancer
LGR6,Breast cancer
UBE2T,Breast cancer
PTPN7,Breast cancer
SSBP4,Breast cancer
ISYNA1,Breast cancer
ELL,Breast cancer
EMID1,Breast cancer
RHBDD3,Breast cancer
EWSR1,Breast cancer
CHEK2,Breast cancer
ARHGEF5,Breast cancer
NOBOX,Breast cancer
TCF7L2,Breast cancer
CHST9,Breast cancer
COX11,Breast cancer
NRIP1,Breast cancer
BCL2L15,Breast cancer
AP4B1,Breast cancer
DCLRE1B,Breast cancer
HIPK1,Breast cancer
PTPN22,Breast cancer
METAP1D,Breast cancer
DLX1,Breast cancer
DLX2,Breast cancer
KCNN4,Breast cancer
LYPD5,Breast cancer
ZNF283,Breast cancer
RANBP9,Breast cancer
MYC,Breast cancer
DNAJC1,Breast cancer
MLLT10,Breast cancer
OVOL1,Breast cancer
SNX32,Breast cancer
CFL1,Breast cancer
MUS81,Breast cancer
N4BP2L2,Breast cancer
PAX9,Breast cancer
SLC25A21,Breast cancer
CCDC88C,Breast cancer
CDYL2,Breast cancer
ITPR1,Breast cancer
TGFBR2,Breast cancer
TET2,Breast cancer
ADAM29,Breast cancer
RAB3C,Breast cancer
FOXQ1,Breast cancer
CDCA7,Breast cancer
PDE4D,Breast cancer
HNF4G,Breast cancer
ANKLE1,Breast cancer
ABHD8,Breast cancer
ROPN1L,Breast cancer
ZNF577,Breast cancer
TAB2,Breast cancer
TMEM45B,Breast cancer
BARX2,Breast cancer
CTNNA2,Breast cancer
ZC3H11A,Breast cancer
ARRDC3,Breast cancer
PRC1,Breast cancer
IGFBP5,Breast cancer
RAD51B,Breast cancer
TBX3,Breast cancer
EXO1,Breast cancer
APOBEC3A,Breast cancer
APOBEC3B,Breast cancer
AKAP9,Breast cancer
OTUD7B,Breast cancer
TNFSF10,Breast cancer
BAIAP2,Breast cancer
ATF7IP,Breast cancer
GALC,Breast cancer
RALY,Breast cancer
EIF2S2,Breast cancer
ASIP,Breast cancer
LMO4,Breast cancer
INHBB,Breast cancer
WDR43,Breast cancer
FAM126B,Breast cancer
NDUFB3,Breast cancer
CLK1,Breast cancer
PPIL3,Breast cancer
KLF5,Breast cancer
KLF12,Breast cancer
NREP,Breast cancer
AMFR,Breast cancer
CUX1,Breast cancer
HELQ,Breast cancer
L3MBTL3,Breast cancer
GATAD2A,Breast cancer
ASTN2,Breast cancer
KANSL1,Breast cancer
ESRRG,Breast cancer
GIPR,Breast cancer
TRIM46,Breast cancer
CREB5,Breast cancer
KLHDC7A,Breast cancer
ZBTB38,Breast cancer
GAREM1,Breast cancer
PIK3R3,Breast cancer
HIVEP3,Breast cancer
FOXP1,Breast cancer
VGLL3,Breast cancer
CDKAL1,Breast cancer
HSPA4,Breast cancer
PLA2G6,Breast cancer
ATXN1,Breast cancer
ADCY3,Breast cancer
PIDD1,Breast cancer
DNAH11,Breast cancer
CDCA7L,Breast cancer
NEK10,Breast cancer
ADCY9,Breast cancer
CDH2,Breast cancer
NCOA1,Breast cancer
TSPAN16,Breast cancer
CCNE1,Breast cancer
ANXA13,Breast cancer
CMSS1,Breast cancer
FILIP1L,Breast cancer
AHRR,Breast cancer
XRCC6,Breast cancer
GRHL1,Breast cancer
BCL2L11,Breast cancer
MCM8,Breast cancer
PHLDA3,Breast cancer
CNTNAP1,Breast cancer
ABO,Breast cancer
CASP8,Breast cancer
ATG10,Breast cancer
RIN3,Breast cancer
RNF115,Breast cancer
ATAD5,Breast cancer
NBPF10,Breast cancer
